zip,total_population,age_0_14,age_15_17,age_18_24,age_25_64,age_65_plus
43001,2892,435,94,211,1693,459
43002,1205,178,0,118,612,297
43003,3723,625,93,202,2212,591
43004,31477,7068,1397,2142,17176,3694
43005,339,99,45,0,109,86
43006,701,120,2,15,354,210
43007,63,0,0,11,29,23
43008,2434,315,30,225,1424,440
43009,2229,622,110,135,1144,218
43010,305,35,5,23,141,101
43011,6594,1222,235,546,3191,1400
43013,1754,427,43,70,945,269
43014,3738,1310,151,304,1498,475
43015,61401,12182,2424,5667,31072,10056
43016,46362,10314,1627,2882,25149,6390
43017,41613,8653,2282,2772,22083,5823
43018,286,14,0,19,253,0
43019,9445,1724,363,1045,4736,1577
43021,14403,3069,847,1082,7556,1849
43022,3635,434,8,1722,929,542
43023,15688,2690,611,2764,6826,2797
43025,5357,824,128,435,2760,1210
43026,65238,13853,3200,4285,37173,6727
43027,185,124,0,0,61,0
43028,7799,1357,307,428,4145,1562
43029,544,101,8,77,247,111
43030,249,48,10,9,157,25
43031,13876,2564,565,1073,7489,2185
43032,0,0,0,0,0,0
43033,387,60,16,34,157,120
43035,36012,8602,1806,3315,19990,2299
43036,359,102,1,12,214,30
43037,293,20,11,47,146,69
43040,38990,6564,1496,3336,22350,5244
43044,4964,885,143,401,2542,993
43045,1739,409,57,116,835,322
43046,2946,328,48,292,1479,799
43047,18,0,0,0,18,0
43050,31074,5388,1402,2907,14764,6613
43054,27594,5735,1456,1469,14935,3999
43055,63281,11577,2733,6000,31691,11280
43056,17637,3120,791,1338,8929,3459
43060,2359,456,64,146,1178,515
43061,4921,1005,200,647,2278,791
43062,32037,6908,1511,1812,16777,5029
43064,18143,4896,714,942,9478,2113
43065,46679,9671,2314,2206,24643,7845
43066,1368,334,2,15,637,380
43067,1884,396,31,157,908,392
43068,60148,13053,1979,4841,32147,8128
43070,170,0,49,0,121,0
43071,2371,425,98,323,1175,350
43072,5253,756,206,360,2740,1191
43074,16873,3175,936,1406,8614,2742
43076,9456,1491,375,462,4736,2392
43077,269,30,42,74,97,26
43078,19695,3358,749,1460,9988,4140
43080,5321,1211,176,371,2606,957
43081,65020,12770,2015,5158,34923,10154
43082,34563,6381,1860,3012,16460,6850
43084,991,201,87,86,508,109
43085,26601,5424,1450,1339,13960,4428
43101,316,55,14,29,160,58
43102,3711,610,284,215,1962,640
43103,13130,2826,415,1126,7020,1743
43105,8982,1687,369,711,4301,1914
43106,1587,282,67,129,921,188
43107,3791,819,192,340,1888,552
43109,152,43,0,0,72,37
43110,43544,9865,1863,2449,23745,5622
43111,249,0,0,7,86,156
43112,4909,1085,207,412,2084,1121
43113,24480,4014,1033,2309,12018,5106
43115,1796,536,26,116,906,212
43116,2684,730,111,264,1336,243
43117,7,0,0,0,0,7
43119,29660,6332,1162,1684,17111,3371
43123,67626,13430,2530,4132,36060,11474
43125,14803,3165,631,724,8146,2137
43126,306,52,11,6,147,90
43127,257,68,0,0,160,29
43128,2002,410,97,222,898,375
43130,62933,10728,2378,5613,32178,12036
43135,3937,578,127,244,2367,621
43136,2216,608,118,148,1171,171
43137,2415,370,108,243,1098,596
43138,18906,3791,746,1517,9400,3452
43140,24237,3349,789,1800,14666,3633
43142,107,3,21,17,52,14
43143,5803,1113,340,316,3111,923
43144,295,45,4,25,142,79
43145,2070,467,35,178,1011,379
43146,13387,2193,524,864,7833,1973
43147,46963,10953,2181,3315,24632,5882
43148,1898,395,102,105,921,375
43149,2129,333,54,60,1194,488
43150,2300,471,103,153,1181,392
43151,233,51,8,23,106,45
43152,941,177,41,57,464,202
43153,1112,174,38,69,635,196
43154,3367,548,234,227,1738,620
43155,2361,269,84,94,1188,726
43156,237,33,17,25,131,31
43157,597,121,32,57,327,60
43158,160,43,10,37,46,24
43160,22105,3934,937,1678,11376,4180
43162,6896,1014,219,696,3526,1441
43164,2176,372,124,128,1205,347
43201,34322,1701,336,17327,13786,1172
43202,20854,2448,98,3953,12920,1435
43203,8618,1616,459,788,4617,1138
43204,42962,8397,1683,3428,24164,5290
43205,12618,2108,359,820,8210,1121
43206,21996,3056,304,1482,14255,2899
43207,47272,8286,1781,3480,26861,6864
43209,28193,5226,1042,2692,14347,4886
43210,12164,0,188,11796,180,0
43211,22313,5688,973,1923,11325,2404
43212,23405,2641,549,2639,14877,2699
43213,36273,7922,1129,2697,19008,5517
43214,26776,3245,698,1797,15467,5569
43215,17836,217,53,2979,12876,1711
43217,2091,673,145,154,986,133
43218,0,0,0,0,0,0
43219,32338,7951,1625,2985,16053,3724
43220,28792,5180,810,1829,16508,4465
43221,35293,7340,1528,1711,19631,5083
43222,4819,1160,289,460,2310,600
43223,28187,5436,1512,2225,15924,3090
43224,44319,10128,1613,3043,24776,4759
43227,25358,5803,1153,1500,12705,4197
43228,59077,12974,2096,6384,31238,6385
43229,55020,12608,1961,4883,29547,6021
43230,58076,10815,2973,3517,32443,8328
43231,23009,4922,661,2228,12516,2682
43232,47364,10765,2275,4273,24099,5952
43235,44589,7645,1664,2862,25033,7385
43240,7679,943,200,515,5454,567
43302,53702,9499,1788,4527,28188,9700
43310,3177,535,157,189,1618,678
43311,20391,4161,603,1508,10571,3548
43314,2438,407,339,230,1073,389
43315,6873,959,374,398,3976,1166
43316,5968,1131,227,458,3094,1058
43317,173,24,0,20,76,53
43318,4352,865,299,487,2294,407
43319,851,64,19,20,522,226
43320,1189,120,73,92,526,378
43321,378,75,11,15,210,67
43322,437,95,31,37,226,48
43323,598,108,23,9,276,182
43324,2733,336,184,232,1216,765
43325,70,31,0,21,18,0
43326,12573,2300,508,1299,5798,2668
43330,100,14,0,13,54,19
43331,4106,532,100,308,2173,993
43332,2173,499,93,29,1095,457
43333,941,78,86,86,351,340
43334,6326,1183,246,488,3115,1294
43336,41,0,0,12,29,0
43337,625,98,5,38,272,212
43338,10599,1840,271,718,5572,2198
43340,2103,592,144,229,886,252
43341,953,136,10,6,496,305
43342,3836,651,49,444,1876,816
43343,1366,196,146,66,716,242
43344,6173,1382,256,303,3332,900
43345,666,135,25,33,380,93
43346,238,139,0,0,99,0
43347,1113,253,83,45,543,189
43348,1897,275,84,101,809,628
43350,146,32,0,10,79,25
43351,10457,2204,477,716,5037,2023
43356,1120,100,83,44,527,366
43357,4899,1177,271,296,2181,974
43358,2275,384,86,68,1419,318
43359,748,151,20,38,382,157
43360,1538,294,69,197,812,166
43402,31393,4229,1061,8794,12755,4554
43403,4452,0,8,4444,0,0
43406,1619,264,103,133,710,409
43407,484,54,49,11,213,157
43408,386,71,10,65,191,49
43410,10220,1498,440,798,5393,2091
43412,4175,702,133,243,2175,922
43413,1160,238,44,85,619,174
43414,144,0,0,0,144,0
43416,2868,637,77,163,1324,667
43420,29520,5655,1192,2441,14645,5587
43430,4911,993,185,564,2377,792
43431,4609,677,298,220,2442,972
43432,1357,114,95,88,772,288
43433,0,0,0,0,0,0
43434,110,5,1,28,64,12
43435,1368,270,25,109,734,230
43436,0,0,0,0,0,0
43437,465,117,0,50,226,72
43438,128,3,0,9,43,73
43439,0,0,0,0,0,0
43440,4222,215,145,264,1866,1732
43442,824,160,12,59,386,207
43443,1613,333,47,73,968,192
43445,801,46,4,48,492,211
43446,35,0,0,0,22,13
43447,3348,662,149,176,1840,521
43449,7572,1319,144,525,3816,1768
43450,3759,610,203,272,1761,913
43451,1148,183,34,50,598,283
43452,14264,1630,490,752,6569,4823
43456,692,101,8,130,251,202
43457,1411,195,85,129,583,419
43458,282,42,31,27,138,44
43460,6200,959,165,601,3563,912
43462,1076,165,98,74,579,160
43463,366,0,30,24,181,131
43464,2138,388,67,289,965,429
43465,5451,971,84,502,2681,1213
43466,2492,587,126,324,1118,337
43467,185,28,6,36,102,13
43468,459,82,0,29,247,101
43469,2905,517,180,171,1525,512
43501,715,158,47,44,398,68
43502,6890,1490,178,464,3347,1411
43504,1061,195,34,50,509,273
43505,71,2,19,2,38,10
43506,14734,2314,535,1090,7143,3652
43510,12,0,0,0,0,12
43511,783,130,32,41,421,159
43512,28022,4485,929,2369,13989,6250
43515,8401,1478,383,993,4082,1465
43516,2789,612,162,280,1317,418
43517,3442,654,107,254,1824,603
43518,2897,705,150,137,1526,379
43519,257,46,0,13,171,27
43520,0,0,0,0,0,0
43521,2471,333,138,171,1244,585
43522,3098,408,70,343,1599,678
43523,44,0,0,0,44,0
43524,1170,217,54,73,557,269
43525,1229,311,51,45,689,133
43526,6464,1783,383,656,2734,908
43527,2151,319,76,94,1084,578
43528,16207,2478,940,1105,8727,2957
43529,381,71,19,31,222,38
43530,0,0,0,0,0,0
43531,212,25,28,49,99,11
43532,3192,507,190,283,1600,612
43533,1770,480,92,107,763,328
43534,1422,212,64,180,717,249
43535,1011,258,61,12,432,248
43536,338,121,0,37,108,72
43537,30111,5508,1183,2995,14281,6144
43540,1582,320,68,155,820,219
43541,183,41,11,18,93,20
43542,4184,682,247,329,2190,736
43543,7401,1331,313,745,3594,1418
43545,14404,2847,566,1020,7019,2952
43547,663,56,12,87,401,107
43548,832,172,59,31,486,84
43549,1317,174,121,91,705,226
43551,43770,8037,1908,3350,22351,8124
43553,388,52,24,48,214,50
43554,2037,360,36,174,1013,454
43555,253,30,21,0,202,0
43556,1670,412,107,108,696,347
43557,3284,543,178,205,1919,439
43558,12675,1811,500,628,6954,2782
43560,33286,6588,1836,1863,16358,6641
43565,311,43,25,26,125,92
43566,8604,1630,496,458,4174,1846
43567,12754,2655,705,949,6116,2329
43569,2927,630,134,231,1518,414
43570,2867,634,121,178,1364,570
43571,7322,1314,266,435,3926,1381
43604,9594,1657,237,784,5819,1097
43605,24441,5931,863,2101,13401,2145
43606,24898,3758,725,4886,11915,3614
43607,19469,3040,407,4228,8751,3043
43608,13593,3104,782,978,6717,2012
43609,21404,4910,968,1944,10652,2930
43610,4060,750,238,258,2039,775
43611,18664,3765,614,1255,9627,3403
43612,28480,5916,1471,2512,15168,3413
43613,30780,6697,1036,1858,16434,4755
43614,29075,4930,849,1818,15674,5804
43615,40146,7260,1472,3463,19644,8307
43616,20309,3012,1131,1610,9907,4649
43617,8534,1925,274,689,4023,1623
43619,7173,1117,315,798,3724,1219
43620,4912,1103,227,194,2642,746
43623,20267,3079,425,1674,10172,4917
43701,56402,10742,2089,4498,28637,10436
43711,0,0,0,0,0,0
43713,6516,1155,348,298,3436,1279
43716,1903,212,87,125,971,508
43717,166,22,17,8,41,78
43718,2696,359,74,250,1484,529
43719,2323,412,109,260,1092,450
43720,1308,238,9,95,636,330
43721,196,25,0,59,49,63
43722,617,151,92,124,181,69
43723,4472,758,237,346,2402,729
43724,9133,1250,277,380,5018,2208
43725,19453,3175,807,1401,9870,4200
43727,1202,205,37,40,600,320
43728,1223,204,20,96,646,257
43730,2749,337,131,327,1527,427
43731,5136,1322,205,302,2664,643
43732,1813,587,78,21,750,377
43733,66,0,0,0,55,11
43734,1568,188,33,11,922,414
43735,620,346,11,0,250,13
43736,14,3,3,0,6,2
43738,106,9,15,9,59,14
43739,2508,500,69,196,1296,447
43740,261,19,8,45,109,80
43746,715,49,17,0,496,153
43747,1386,394,16,110,591,275
43748,2980,813,244,156,1390,377
43749,2764,761,97,139,1251,516
43750,110,43,0,0,29,38
43754,1623,347,143,65,826,242
43755,1750,319,29,100,874,428
43756,5573,922,108,381,2887,1275
43758,2748,497,182,253,1347,469
43759,240,41,6,28,133,32
43760,1493,262,169,113,781,168
43761,45,0,0,0,0,45
43762,4988,626,155,1240,2128,839
43764,8168,1392,282,674,4292,1528
43766,1310,184,58,194,706,168
43767,1443,185,125,178,760,195
43768,211,22,2,40,97,50
43771,2103,264,135,131,988,585
43772,1544,415,36,121,678,294
43773,2546,462,73,250,1120,641
43777,4253,750,181,301,2275,746
43778,1378,206,42,158,569,403
43779,654,88,21,24,347,174
43780,2515,550,55,123,1165,622
43782,544,87,25,29,218,185
43783,4720,960,217,321,2393,829
43786,66,5,8,0,32,21
43787,2524,455,169,304,1074,522
43788,735,81,31,12,246,365
43791,33,0,0,0,23,10
43793,4836,887,130,326,2334,1159
43802,1313,370,20,53,701,169
43804,3425,896,205,305,1591,428
43805,302,35,0,0,147,120
43811,354,16,9,15,118,196
43812,18532,3598,809,1496,8830,3799
43821,3998,594,221,299,1980,904
43822,5095,1225,83,390,2308,1089
43824,4568,1259,111,352,2099,747
43830,6549,1721,374,485,3100,869
43832,6942,1083,250,602,3773,1234
43836,112,16,0,10,54,32
43837,1329,261,29,60,578,401
43840,1350,396,46,109,563,236
43842,286,66,15,0,171,34
43843,618,29,10,31,376,172
43844,3760,517,119,130,2235,759
43845,4787,855,172,320,2440,1000
43901,2232,361,92,84,1119,576
43902,117,58,0,0,42,17
43903,2116,329,96,97,1090,504
43905,459,14,7,24,255,159
43906,7779,1116,217,548,4007,1891
43907,4960,780,321,216,2395,1248
43908,1073,173,59,31,538,272
43909,31,0,0,0,31,0
43910,3191,487,108,114,1599,883
43912,5738,764,229,380,3111,1254
43913,1213,112,16,193,694,198
43914,0,0,0,0,0,0
43915,1256,176,61,102,696,221
43917,2207,339,92,72,1087,617
43920,21103,3586,808,1549,10373,4787
43925,39,0,0,0,0,39
43926,252,16,9,29,121,77
43928,255,82,0,0,105,68
43930,1017,216,30,131,402,238
43931,178,0,0,0,77,101
43932,1008,276,32,138,457,105
43933,1984,291,58,134,993,508
43934,135,11,0,11,53,60
43935,8083,1362,324,777,4083,1537
43938,5660,1162,220,365,2685,1228
43939,341,53,10,13,204,61
43940,304,69,0,14,116,105
43942,2012,214,48,242,980,528
43943,3457,611,225,223,1677,721
43944,2593,358,79,169,1268,719
43945,2910,337,236,264,1513,560
43946,1479,203,37,118,715,406
43947,4893,791,149,490,2370,1093
43948,623,52,0,61,400,110
43950,16404,2093,436,1371,8692,3812
43951,42,0,0,0,28,14
43952,17836,3008,587,3255,7968,3018
43953,11274,1708,497,545,5495,3029
43961,221,12,2,18,145,44
43962,67,15,0,7,33,12
43963,1262,157,30,101,719,255
43964,8952,1248,233,575,4687,2209
43967,31,0,0,13,18,0
43968,6623,1134,158,625,3322,1384
43971,923,100,19,88,437,279
43972,109,0,0,0,40,69
43973,2016,527,101,124,1033,231
43974,106,16,4,10,42,34
43976,1485,139,41,47,818,440
43977,2757,452,159,162,1554,430
43981,239,35,3,2,136,63
43983,657,263,115,0,138,141
43985,231,54,11,24,124,18
43986,1517,249,19,138,796,315
43988,2457,543,85,190,1087,552
44001,21448,3424,796,1649,10917,4662
44003,4569,1134,274,246,2012,903
44004,31114,4992,1285,2448,15597,6792
44010,1554,243,47,125,811,328
44011,25317,5597,1066,1664,12640,4350
44012,25752,4372,1530,1378,13040,5432
44017,18279,2688,816,2955,8570,3250
44021,5908,1126,213,668,2812,1089
44022,16617,2662,910,893,7688,4464
44023,18960,3422,788,1225,9080,4445
44024,24030,3375,1207,1935,11730,5783
44026,10730,1521,335,744,5317,2813
44028,9671,1508,359,605,5031,2168
44030,16191,2513,742,1055,8967,2914
44032,2135,817,75,149,915,179
44035,62179,10487,2457,5268,31716,12251
44039,36780,7442,1172,2480,18533,7153
44040,3063,421,89,249,1360,944
44041,14003,1849,445,1185,6950,3574
44044,14721,1755,366,983,8615,3002
44045,611,45,18,45,385,118
44046,1500,306,72,106,663,353
44047,8365,1376,358,747,3906,1978
44048,2369,385,33,111,1262,578
44049,246,59,10,11,113,53
44050,7059,1237,179,443,3850,1350
44052,28282,5745,1013,2696,14149,4679
44053,21084,3822,1198,1702,10099,4263
44054,12806,1871,415,894,6842,2784
44055,20043,3742,806,1556,10682,3257
44056,12152,2030,552,905,6073,2592
44057,19445,2901,1016,1593,9871,4064
44060,60779,9611,2089,3938,30789,14352
44062,16908,5293,852,2209,6378,2176
44064,1300,151,62,65,703,319
44065,3842,384,46,361,2042,1009
44067,19943,2909,549,977,10845,4663
44068,167,10,0,0,39,118
44070,31924,5367,1581,1727,16363,6886
44072,5405,890,336,230,2771,1178
44074,11745,1161,234,3481,4113,2756
44076,4678,908,247,459,2372,692
44077,57325,10091,2222,5009,29290,10713
44080,42,0,0,1,0,41
44081,6971,1284,294,479,3719,1195
44082,1704,456,12,68,992,176
44084,3765,594,159,305,2216,491
44085,3468,959,216,132,1539,622
44086,2457,312,75,186,1250,634
44087,22185,4290,790,1164,11503,4438
44089,15654,2051,705,861,7778,4259
44090,10670,2366,343,631,5019,2311
44092,17587,3059,758,1704,8530,3536
44093,1256,321,3,83,663,186
44094,36873,4900,1310,2582,18984,9097
44095,32363,4218,1098,2968,17072,7007
44099,1759,587,92,189,746,145
44101,666,23,8,18,606,11
44102,39952,6699,1349,3819,23340,4745
44103,13941,2384,482,861,7528,2686
44104,18902,4870,1132,1323,8338,3239
44105,32115,5575,1390,3033,16296,5821
44106,25120,2617,677,6679,10709,4438
44107,50018,5873,1276,4552,30679,7638
44108,19381,3638,662,1300,9651,4130
44109,39428,7432,1835,2884,22390,4887
44110,17009,3576,557,957,8569,3350
44111,42021,7559,1867,3621,24007,4967
44112,17848,3060,675,1280,8048,4785
44113,20250,1554,233,2539,14120,1804
44114,7488,470,43,2004,4257,714
44115,10011,2188,282,1731,5296,514
44116,21532,3878,690,1201,10496,5267
44117,9172,1433,395,629,4727,1988
44118,40715,8434,1884,5011,19091,6295
44119,13243,2507,507,646,7212,2371
44120,33202,5844,1026,1402,17299,7631
44121,32312,5916,1132,3220,16074,5970
44122,36678,6297,1559,2251,17260,9311
44123,18050,3536,760,1726,9590,2438
44124,39779,5849,1118,2355,20453,10004
44125,29461,5706,865,2750,15452,4688
44126,16976,2967,453,1054,8995,3507
44127,4239,976,146,414,2062,641
44128,27122,5048,1061,2075,12739,6199
44129,28800,3953,717,3155,15518,5457
44130,49679,7390,1486,3653,26214,10936
44131,20577,2885,782,1098,10588,5224
44132,14633,2585,385,1721,7734,2208
44133,31018,4660,951,2432,16107,6868
44134,37774,5710,1284,2689,20401,7690
44135,28022,5334,1303,1972,15426,3987
44136,24946,4020,686,1758,12408,6074
44137,23285,4968,1261,1829,11402,3825
44138,23162,4406,1102,1467,11457,4730
44139,24706,5076,1217,1081,11758,5574
44140,15984,3553,778,841,7696,3116
44141,13892,2202,682,839,6611,3558
44142,18284,2950,494,1136,9805,3899
44143,24597,3767,804,1122,12243,6661
44144,21394,3038,576,1455,11712,4613
44145,34104,5663,1218,2086,16578,8559
44146,29349,4581,929,2752,14661,6426
44147,19771,3379,779,1271,10239,4103
44149,21098,3657,722,1287,10390,5042
44201,6666,781,549,480,3610,1246
44202,23084,4174,1094,1105,11237,5474
44203,38701,6209,1757,2349,20349,8037
44212,45889,8070,1828,3667,24113,8211
44214,2450,479,137,128,1184,522
44215,2650,450,189,171,1395,445
44216,9465,1760,294,540,4905,1966
44217,3804,677,154,205,2093,675
44221,28546,4129,747,2469,16330,4871
44223,18459,2297,568,1387,9830,4377
44224,39200,6748,1445,3316,20374,7317
44230,8107,1530,279,510,4061,1727
44231,8215,1613,357,788,3998,1459
44232,0,0,0,0,0,0
44233,8103,1654,433,546,3752,1718
44234,3617,410,109,731,1604,763
44235,1365,227,64,64,805,205
44236,25941,5794,1344,1028,12677,5098
44240,37788,4752,1065,8868,17082,6021
44241,18548,2641,613,1480,10651,3163
44243,5082,0,9,4977,96,0
44250,1745,198,76,94,1091,286
44251,963,132,28,44,449,310
44253,3552,641,159,188,1818,746
44254,4880,883,130,311,2651,905
44255,7318,1099,202,626,3856,1535
44256,64924,10610,2642,4578,33276,13818
44260,12780,1997,428,1137,5963,3255
44262,5000,900,118,198,2199,1585
44264,3462,844,63,104,1807,644
44266,32612,5256,1093,3039,17136,6088
44270,8071,1478,293,792,3882,1626
44272,6048,1120,109,562,3388,869
44273,6952,1245,306,479,3346,1576
44274,92,0,0,1,17,74
44275,3186,380,80,233,1793,700
44276,1923,443,96,90,892,402
44278,18424,2650,656,1387,9324,4407
44280,5503,877,151,507,2863,1105
44281,34704,6197,1647,2833,17632,6395
44285,76,6,14,0,40,16
44286,6295,1020,214,243,3048,1770
44287,7935,1839,297,513,3769,1517
44288,3850,911,63,305,1970,601
44301,13668,2802,446,1178,7213,2029
44302,5474,781,129,359,3482,723
44303,7323,905,168,524,4103,1623
44304,4000,290,42,1881,1488,299
44305,21103,4274,704,1544,11144,3437
44306,20905,4594,734,2129,10686,2762
44307,6653,1507,214,714,3089,1129
44308,1030,14,0,475,459,82
44310,25496,5625,1085,2287,13202,3297
44311,7547,1370,256,2200,3138,583
44312,30280,3993,1258,2554,15786,6689
44313,26631,4155,551,2113,14354,5458
44314,17885,3430,700,1336,9687,2732
44319,21538,2475,762,1754,11289,5258
44320,17690,3302,743,1381,8963,3301
44321,15878,2930,978,1017,7857,3096
44325,911,0,0,910,1,0
44333,19620,3090,980,972,10151,4427
44401,2526,530,79,135,1182,600
44402,2613,311,157,235,1471,439
44403,3743,458,161,152,1763,1209
44404,1663,441,33,74,660,455
44405,7815,1619,401,619,3737,1439
44406,22451,3309,1041,1419,10624,6058
44408,11159,1657,509,733,5117,3143
44410,15992,2421,605,769,7820,4377
44411,2294,523,115,223,1071,362
44412,2976,490,78,166,1760,482
44413,7397,1492,411,325,3702,1467
44415,345,0,0,0,309,36
44417,1550,302,141,51,556,500
44418,1508,152,25,157,739,435
44420,15293,2787,416,1233,8083,2774
44423,2177,379,110,66,1060,562
44424,83,0,0,5,67,11
44425,13552,2046,504,879,6737,3386
44427,1451,282,94,95,845,135
44428,3102,532,143,143,1396,888
44429,2313,519,24,148,1123,499
44430,4827,736,83,292,2894,822
44431,4788,962,140,285,2224,1177
44432,12030,1887,356,571,7016,2200
44436,3077,445,84,216,1440,892
44437,3913,561,131,415,1991,815
44438,4950,982,29,210,2673,1056
44439,499,142,40,24,226,67
44440,4418,399,301,308,2184,1226
44441,1571,211,135,184,859,182
44442,3762,529,211,171,1915,936
44443,1641,321,77,128,772,343
44444,9220,1089,360,676,4754,2341
44445,2914,530,157,245,1490,492
44446,20060,2635,639,1791,10287,4708
44449,1205,221,30,49,582,323
44450,2246,642,77,201,896,430
44451,2892,523,69,135,1505,660
44452,2602,245,52,167,1306,832
44454,912,163,7,94,451,197
44455,1597,298,113,164,821,201
44460,25082,3617,790,2538,12334,5803
44470,4104,831,178,270,1970,855
44471,10295,1786,287,734,5273,2215
44473,4213,613,84,511,1864,1141
44481,10206,1570,482,607,5126,2421
44483,25805,4739,911,2258,12100,5797
44484,21358,3620,802,1565,10930,4441
44485,14930,2734,774,1362,7462,2598
44490,597,129,13,32,291,132
44491,3653,870,224,299,1535,725
44493,51,0,8,11,20,12
44502,9594,2270,382,1351,4319,1272
44503,938,0,0,125,669,144
44504,5191,714,249,946,2125,1157
44505,16764,3391,648,1635,7962,3128
44506,2096,451,19,126,1283,217
44507,4140,880,260,512,1834,654
44509,10562,1994,385,787,5411,1985
44510,2027,454,194,161,881,337
44511,18909,2803,566,1409,10198,3933
44512,32536,5009,1363,2322,16349,7493
44514,23917,4699,588,1289,11262,6079
44515,27690,3494,954,2665,13985,6592
44555,169,0,0,169,0,0
44601,32696,5519,1003,3306,16294,6574
44606,8182,2296,462,646,3747,1031
44607,15,0,0,0,8,7
44608,2692,827,10,286,1257,312
44609,3782,672,176,191,1869,874
44610,214,12,16,0,59,127
44611,2259,554,159,117,999,430
44612,5261,774,244,400,2864,979
44613,1985,321,40,185,1012,427
44614,13190,1956,478,1035,6649,3072
44615,10041,1629,420,756,4853,2383
44618,7846,2159,485,797,3173,1232
44619,299,29,9,49,144,68
44620,1461,149,4,100,860,348
44621,4566,961,237,528,2094,746
44622,18661,3488,902,1474,8629,4168
44624,6601,2149,505,801,2749,397
44625,962,166,29,155,451,161
44626,2658,380,21,128,1531,598
44627,7086,2048,300,1013,3175,550
44628,1270,173,81,103,628,285
44629,2636,515,82,109,1534,396
44630,0,0,0,0,0,0
44632,10815,2611,487,627,4766,2324
44633,2496,606,54,239,1125,472
44634,1837,236,63,119,889,530
44637,2719,444,151,246,1362,516
44638,1411,244,97,181,638,251
44639,212,17,7,9,88,91
44640,110,21,0,2,43,44
44641,20031,3863,755,1482,9819,4112
44643,3896,734,297,148,1994,723
44644,4587,606,208,354,2011,1408
44645,2553,525,56,213,1198,561
44646,47741,7439,2125,3367,25213,9597
44647,18117,2976,351,1381,9486,3923
44651,820,247,58,67,356,92
44652,615,131,0,132,338,14
44653,837,199,56,91,403,88
44654,21381,5303,1091,2167,9777,3043
44656,2592,508,56,182,1192,654
44657,9620,1344,246,656,5438,1936
44659,117,2,7,2,88,18
44660,48,7,0,0,14,27
44661,442,180,18,24,198,22
44662,10345,2115,428,546,4870,2386
44663,24356,4192,703,1447,12224,5790
44665,104,8,9,11,66,10
44666,3247,750,92,231,1778,396
44667,13287,2573,637,1230,6525,2322
44669,1753,256,93,166,921,317
44670,229,37,18,0,85,89
44671,119,14,0,0,105,0
44672,4634,556,52,364,2138,1524
44675,2215,388,67,51,1293,416
44676,4914,983,227,365,2589,750
44677,2734,529,31,258,1268,648
44678,176,0,42,0,119,15
44680,3913,540,91,159,1940,1183
44681,9219,2428,510,811,4444,1026
44682,1295,339,94,122,610,130
44683,8050,1660,323,901,3822,1344
44685,28794,5470,1265,1589,14112,6358
44687,337,0,0,8,35,294
44688,2808,408,114,198,1490,598
44689,411,90,28,59,194,40
44690,52,0,0,0,25,27
44691,44344,6932,1711,5459,20461,9781
44693,72,12,6,5,40,9
44695,1273,106,37,231,576,323
44697,268,55,1,5,93,114
44699,725,229,0,10,324,162
44702,963,61,15,41,585,261
44703,8070,1674,430,888,4169,909
44704,3681,631,288,462,1864,436
44705,16872,3696,754,1460,8391,2571
44706,16496,2805,889,1337,8210,3255
44707,9048,1712,543,817,4652,1324
44708,24285,4009,902,1831,11887,5656
44709,18614,2470,602,1914,9279,4349
44710,9067,1903,417,744,4532,1471
44714,10210,2159,492,1252,4449,1858
44718,12508,2210,381,737,6169,3011
44720,39851,5974,1560,3470,19509,9338
44721,14272,2719,623,1081,6829,3020
44730,6040,1037,226,592,2943,1242
44802,746,100,27,64,395,160
44804,1763,594,80,76,752,261
44805,30805,5807,1434,3110,14638,5816
44807,2244,409,69,134,1111,521
44809,103,0,0,0,75,28
44811,12690,2105,582,915,6620,2468
44813,8994,1918,491,626,3982,1977
44814,2369,398,58,126,1115,672
44815,710,125,31,78,311,165
44817,1505,256,127,89,866,167
44818,1989,327,143,115,1038,366
44820,17291,3213,653,1322,8095,4008
44822,3995,1046,227,431,1814,477
44824,3642,819,97,175,1891,660
44825,126,33,4,30,38,21
44826,1052,168,0,110,409,365
44827,6993,1162,269,602,3468,1492
44828,138,0,0,7,124,7
44830,18671,3695,912,1498,8868,3698
44833,15892,2303,750,1282,8169,3388
44836,2496,443,80,126,1424,423
44837,4738,1003,210,426,2203,896
44838,217,73,4,9,99,32
44839,12447,1537,422,932,5463,4093
44840,3660,743,134,241,1815,727
44841,498,160,0,0,273,65
44842,5326,700,345,411,2792,1078
44843,2445,391,55,97,1245,657
44844,744,137,31,48,381,147
44846,3489,676,134,187,1608,884
44847,3514,717,134,275,1706,682
44849,2195,314,120,185,1157,419
44850,155,21,0,28,106,0
44851,5038,1068,165,336,2544,925
44853,1391,246,68,40,767,270
44854,1630,273,81,88,959,229
44855,1096,249,98,68,521,160
44856,65,14,0,2,27,22
44857,23288,4190,939,1874,11887,4398
44859,1989,295,58,147,1070,419
44861,31,0,0,0,31,0
44864,3336,670,148,204,1695,619
44865,3287,607,117,327,1619,617
44866,2106,733,48,82,929,314
44867,2345,565,80,222,1125,353
44870,39883,6686,1576,3871,19736,8014
44874,264,52,8,20,120,64
44875,14144,3181,553,864,6651,2895
44878,2712,783,112,227,1215,375
44880,3143,392,181,163,1608,799
44881,205,98,0,4,95,8
44882,2133,167,64,119,1154,629
44883,28102,3998,1087,4037,13249,5731
44887,1270,414,17,81,642,116
44889,7500,1509,328,362,3841,1460
44890,10382,1791,442,877,5098,2174
44901,0,0,0,0,0,0
44902,4636,1198,106,458,2466,408
44903,25642,4514,1197,2113,12837,4981
44904,13450,2554,435,984,6634,2843
44905,16245,1848,364,1422,9818,2793
44906,17343,2684,811,1540,8189,4119
44907,16349,2637,574,1421,7996,3721
45001,904,282,16,68,426,112
45002,15413,3727,621,1194,7328,2543
45003,839,115,42,68,474,140
45005,32251,5223,1633,3763,16279,5353
45011,75864,14873,3994,6207,40878,9912
45013,53998,11131,1803,5800,25540,9724
45014,45773,7951,1848,4331,23573,8070
45015,11038,1959,441,987,5928,1723
45030,21640,4482,890,1212,11113,3943
45032,683,114,40,62,356,111
45033,377,80,27,16,190,64
45034,968,120,19,63,668,98
45036,42204,7849,1790,3042,22914,6609
45039,28335,5288,1470,1882,14822,4873
45040,59518,11887,2829,3734,32684,8384
45041,118,0,0,0,0,118
45042,27652,4742,1421,2319,13652,5518
45044,56217,12322,2564,5174,28236,7921
45050,12248,2672,722,1184,5934,1736
45051,334,12,3,64,62,193
45052,4236,652,194,258,2103,1029
45053,3718,936,213,107,1800,662
45054,2693,244,61,339,1414,635
45055,198,30,0,0,96,72
45056,27376,2651,448,13623,7441,3213
45062,511,102,0,44,205,160
45064,3373,432,112,411,1832,586
45065,7053,1613,397,571,3867,605
45066,27545,6342,1296,2090,13374,4443
45067,15471,2717,1061,1600,7566,2527
45068,11597,2065,400,1004,5776,2352
45069,56037,11622,1961,5238,27808,9408
45070,142,45,3,14,70,10
45101,2035,503,38,115,920,459
45102,25448,5564,1039,2469,13040,3336
45103,36938,7011,1627,2897,18954,6449
45105,23,0,0,0,0,23
45106,11699,1969,616,833,6307,1974
45107,9190,2008,247,1061,4291,1583
45111,265,49,9,10,149,48
45112,11,0,0,0,1,10
45113,3877,751,108,349,2033,636
45115,151,28,8,0,89,26
45118,3703,746,162,272,1889,634
45119,216,30,0,0,163,23
45120,2548,353,173,231,1270,521
45121,9030,1490,444,570,4518,2008
45122,10977,1869,303,1225,5381,2199
45123,8740,2001,404,575,4397,1363
45130,4206,573,135,396,2238,864
45131,278,46,0,4,170,58
45132,87,12,4,4,53,14
45133,23443,4321,1024,1429,11362,5307
45135,5291,1409,342,421,2560,559
45140,57211,11314,2831,3349,29923,9794
45142,4187,833,76,420,1975,883
45144,4119,654,189,510,2131,635
45146,1324,222,33,58,890,121
45147,57,0,0,0,45,12
45148,1592,266,50,60,1009,207
45150,33527,5792,1263,2059,17044,7369
45152,14850,3081,655,1588,7516,2010
45153,2218,264,82,199,1246,427
45154,8969,2109,522,925,4212,1201
45155,510,93,68,10,273,66
45156,52,11,2,2,34,3
45157,9415,1410,448,1178,4852,1527
45158,787,110,20,87,423,147
45159,3588,556,205,346,1956,525
45160,507,165,8,10,250,74
45162,2754,435,130,199,1443,547
45164,175,28,6,18,84,39
45166,60,0,0,0,0,60
45167,3285,546,173,268,1517,781
45168,1667,249,82,62,908,366
45169,4050,677,172,177,2083,941
45171,5752,902,181,485,3117,1067
45172,308,110,8,27,148,15
45174,2321,732,137,60,1100,292
45176,10072,1608,440,785,5331,1908
45177,22924,4122,1023,2454,10905,4420
45202,17869,1282,151,2055,12515,1866
45203,2436,450,28,227,1529,202
45204,8412,2498,566,941,3647,760
45205,18651,5082,845,1620,8453,2651
45206,10299,892,223,866,6482,1836
45207,6983,1019,356,2242,2593,773
45208,17943,3090,501,956,10442,2954
45209,10570,1014,22,700,7820,1014
45211,38049,9570,1557,2345,19938,4639
45212,21526,3689,564,2249,12212,2812
45213,11139,1770,354,523,6596,1896
45214,8630,2242,317,649,4398,1024
45215,30586,6197,1309,2223,15803,5054
45216,9569,2159,478,637,4870,1425
45217,6454,1570,269,294,3553,768
45218,3836,823,142,336,1662,873
45219,20012,824,110,13529,4499,1050
45220,14109,1301,276,3962,6793,1777
45223,14182,3011,251,1113,8506,1301
45224,21900,3842,1117,1472,10725,4744
45225,9583,2923,282,1363,4118,897
45226,5796,623,172,521,3705,775
45227,18893,3230,618,1361,10595,3089
45229,13529,2124,498,1553,6550,2804
45230,27501,5359,1425,1919,14403,4395
45231,40463,7466,1738,2604,20707,7948
45232,6363,1626,254,661,3399,423
45233,15981,3257,871,1314,7581,2958
45236,24513,3317,900,1410,13537,5349
45237,20903,4184,574,1442,10611,4092
45238,48351,9677,2455,4145,24805,7269
45239,29607,6174,1109,2596,15915,3813
45240,29600,5706,1795,3098,14596,4405
45241,23955,3834,832,1216,11901,6172
45242,22623,5152,804,1063,11343,4261
45243,16103,3502,522,689,7696,3694
45244,28511,6208,1325,1837,14516,4625
45245,20045,2998,622,1340,10647,4438
45246,13527,2646,544,1021,6551,2765
45247,23617,4503,833,1519,11265,5497
45248,22576,3817,1113,1249,11234,5163
45249,14490,3439,543,760,6588,3160
45251,20254,4315,873,1242,10528,3296
45252,4684,630,195,276,2466,1117
45255,22313,3822,940,1461,10985,5105
45267,2,0,0,0,2,0
45301,224,86,0,0,83,55
45302,4338,1074,185,393,2108,578
45303,2188,454,133,240,1066,295
45304,7599,1617,410,475,3776,1321
45305,11498,2187,454,582,6196,2079
45306,2124,465,100,172,1055,332
45307,216,53,4,15,125,19
45308,4385,828,164,372,2363,658
45309,11876,2051,705,534,5511,3075
45310,227,50,7,16,103,51
45311,5701,786,284,646,2908,1077
45312,1086,168,29,71,440,378
45314,6536,830,249,3052,1735,670
45315,4905,498,276,210,2521,1400
45316,141,1,7,14,92,27
45317,1187,187,82,46,637,235
45318,5511,855,139,252,2962,1303
45319,308,33,27,31,165,52
45320,15454,2966,588,755,7814,3331
45321,1272,335,68,136,574,159
45322,20884,4407,483,942,10012,5040
45323,4961,792,250,222,2654,1043
45324,41194,6028,1218,5858,21219,6871
45325,2470,400,101,116,1288,565
45326,1446,250,63,102,863,168
45327,9315,1796,582,803,4309,1825
45328,544,156,37,19,255,77
45330,710,106,29,45,373,157
45331,22356,4030,898,1714,10646,5068
45332,716,173,20,101,287,135
45333,1830,442,56,221,859,252
45334,1882,334,84,180,946,338
45335,7359,1277,261,601,3912,1308
45336,84,13,2,6,45,18
45337,1703,322,149,97,819,316
45338,4761,1017,220,383,2265,876
45339,1057,198,9,96,497,257
45340,800,138,57,13,426,166
45341,3639,575,121,360,1617,966
45342,36152,7143,1266,2499,19547,5697
45344,16979,3210,614,1045,8708,3402
45345,6110,1211,316,461,2807,1315
45346,1663,266,68,55,828,446
45347,4095,781,166,238,1944,966
45348,848,172,50,111,321,194
45349,234,31,4,20,120,59
45350,69,17,1,8,38,5
45351,328,75,21,41,148,43
45352,173,38,5,4,102,24
45353,242,67,8,13,148,6
45354,553,46,12,60,213,222
45356,25237,4404,828,2180,13293,4532
45358,362,61,21,41,178,61
45359,2160,493,101,172,1053,341
45360,278,14,2,17,184,61
45361,253,44,27,34,127,21
45362,1071,150,49,31,440,401
45363,1862,506,67,130,864,295
45365,28965,5182,1359,2594,14202,5628
45368,3889,714,104,179,1981,911
45369,4120,709,202,103,2127,979
45370,2518,250,83,311,1249,625
45371,22865,4181,1033,2079,11115,4457
45372,265,41,2,30,133,59
45373,37565,7498,1653,2416,19091,6907
45377,14888,3019,482,1073,7541,2773
45378,539,87,10,80,276,86
45380,5394,913,273,409,2740,1059
45381,5626,889,233,562,2532,1410
45382,1154,151,28,90,721,164
45383,6912,1533,298,494,3115,1472
45384,1919,47,58,1414,252,148
45385,40617,7966,1545,3007,20210,7889
45387,5285,623,135,232,2631,1664
45388,841,317,29,48,288,159
45389,708,118,41,65,394,90
45390,3432,748,112,291,1617,664
45402,9407,1538,250,890,5552,1177
45403,13608,2546,798,1441,7435,1388
45404,9826,2078,481,983,4739,1545
45405,18955,3059,959,1816,9830,3291
45406,19991,3589,1053,1965,9796,3588
45409,15293,912,269,9442,3456,1214
45410,14694,3235,457,1186,7956,1860
45414,21167,3645,654,1375,11066,4427
45415,12465,2087,416,916,6115,2931
45416,5640,1052,90,555,2941,1002
45417,28186,6315,1214,1616,14210,4831
45419,17008,3414,763,1427,9279,2125
45420,24411,3856,638,2161,13918,3838
45423,0,0,0,0,0,0
45424,50725,9478,2007,3716,27050,8474
45426,14114,2221,364,1351,6769,3409
45428,272,0,0,0,87,185
45429,26347,4253,972,1803,13062,6257
45430,7371,1387,313,558,3402,1711
45431,27951,4762,1050,3109,14434,4596
45432,15055,3186,448,631,7925,2865
45433,1508,286,40,396,757,29
45434,12529,2386,642,683,6314,2504
45435,134,0,0,126,8,0
45439,11914,2553,901,916,5852,1692
45440,22358,4004,952,1854,10888,4660
45449,19066,3810,729,1699,9747,3081
45458,38712,7851,1744,2142,18900,8075
45459,28553,4309,1033,1695,12981,8535
45469,168,0,0,159,9,0
45501,0,0,0,0,0,0
45502,17692,3355,763,1321,8425,3828
45503,32638,6325,1166,2098,16058,6991
45504,16363,2674,610,2180,7442,3457
45505,19826,4283,944,2088,9496,3015
45506,13435,2253,768,1148,6777,2489
45601,55836,9022,2029,4145,30647,9993
45612,4933,834,187,441,2423,1048
45613,3228,733,61,200,1639,595
45614,5450,1544,260,213,2557,876
45616,1350,148,92,159,577,374
45617,0,0,0,0,0,0
45618,0,0,0,0,0,0
45619,7409,1230,335,768,3636,1440
45620,675,44,39,107,313,172
45621,509,139,6,35,290,39
45622,686,121,16,30,295,224
45623,3203,502,134,259,1590,718
45624,0,0,0,0,0,0
45628,5999,1249,210,410,3292,838
45629,3055,505,41,218,1757,534
45630,188,60,0,37,79,12
45631,13386,2060,544,1187,6485,3110
45634,1675,280,152,109,811,323
45636,330,24,60,0,220,26
45638,19982,3512,943,1559,10290,3678
45640,15882,2801,540,1254,8146,3141
45642,0,0,0,0,0,0
45644,4619,750,208,240,2663,758
45645,2801,484,150,113,1722,332
45646,129,16,0,16,70,27
45647,1869,150,50,162,991,516
45648,11330,1950,316,1026,6205,1833
45650,423,121,12,0,227,63
45651,5340,1006,230,506,2857,741
45652,3360,517,237,185,1534,887
45653,3528,882,304,143,1630,569
45654,746,87,0,28,389,242
45656,7013,1736,333,551,3271,1122
45657,2173,477,113,126,1093,364
45658,2539,531,148,109,1417,334
45659,2614,644,199,146,1237,388
45660,7936,1542,262,639,3803,1690
45661,6823,1436,379,510,3402,1096
45662,26909,4599,948,2746,13271,5345
45663,6577,1154,204,675,3449,1095
45669,10243,1690,352,633,5311,2257
45671,457,50,0,60,272,75
45672,1361,297,26,100,727,211
45673,473,13,19,142,187,112
45674,618,123,13,246,201,35
45677,27,0,0,0,27,0
45678,1034,153,32,37,677,135
45679,2841,646,191,132,1439,433
45680,11548,1860,311,969,5956,2452
45681,1451,334,82,37,513,485
45682,2124,484,64,102,1030,444
45684,1507,227,38,73,812,357
45685,1050,144,145,129,529,103
45686,3372,785,97,249,1584,657
45688,210,60,19,0,114,17
45690,13988,2313,886,1025,6715,3049
45692,7997,1454,427,593,4126,1397
45693,8714,1762,429,533,4465,1525
45694,11978,2535,550,815,5629,2449
45695,572,75,30,32,277,158
45696,839,186,11,10,512,120
45697,5222,1210,271,416,2461,864
45698,386,11,1,38,219,117
45699,1285,0,0,190,1086,9
45701,33329,3155,789,13946,11851,3588
45710,5067,717,274,307,2666,1103
45711,1244,278,76,74,598,218
45714,9503,1482,409,684,4810,2118
45715,2006,543,124,77,910,352
45716,436,115,20,23,207,71
45719,655,55,22,21,442,115
45720,36,0,0,0,0,36
45721,15,0,0,0,15,0
45723,3682,569,30,175,2209,699
45724,1218,126,0,143,694,255
45727,944,43,33,38,327,503
45729,2121,660,164,139,891,267
45732,4287,800,144,271,2211,861
45734,315,43,8,14,122,128
45735,1868,351,73,158,833,453
45739,46,0,0,0,46,0
45740,311,39,7,13,146,106
45741,940,177,65,84,381,233
45742,3752,706,70,241,2036,699
45743,1470,270,130,19,786,265
45744,2179,218,29,245,1037,650
45745,1049,78,52,42,489,388
45746,329,86,1,3,178,61
45750,26420,4023,889,2578,12782,6148
45760,3844,554,82,419,2208,581
45761,1537,188,0,106,886,357
45764,7706,1064,364,1037,4120,1121
45766,1298,234,44,29,527,464
45767,2428,484,39,254,1127,524
45768,1503,138,78,148,935,204
45769,5395,898,184,478,2793,1042
45770,635,72,0,113,176,274
45771,3426,671,88,244,1781,642
45772,1480,175,69,70,827,339
45773,600,132,12,19,335,102
45775,1650,332,199,72,674,373
45776,1117,171,93,48,507,298
45778,1144,143,8,17,734,242
45779,562,92,15,30,242,183
45780,2828,214,14,217,1356,1027
45782,464,92,14,25,293,40
45783,238,30,0,18,138,52
45784,3002,405,66,183,1635,713
45786,3187,513,144,159,1505,866
45788,691,84,60,54,433,60
45789,280,11,47,48,144,30
45801,21739,4002,1035,2199,11016,3487
45804,13608,2647,610,1109,6606,2636
45805,24387,4451,1140,3070,11349,4377
45806,10974,2341,395,456,5267,2515
45807,11774,2188,443,749,5832,2562
45808,350,33,8,78,206,25
45809,45,15,0,8,16,6
45810,7449,982,248,2728,2653,838
45812,2027,622,33,159,924,289
45813,3719,799,168,310,1759,683
45814,2556,550,70,148,1316,472
45815,81,1,9,15,43,13
45816,351,52,14,25,199,61
45817,5926,1111,184,714,2418,1499
45819,226,42,11,20,105,48
45820,581,82,20,72,316,91
45821,759,135,32,19,476,97
45822,19957,3611,592,1653,9762,4339
45826,394,112,9,21,164,88
45827,2186,271,122,121,1262,410
45828,6404,1819,316,371,2877,1021
45830,5199,1018,176,305,2627,1073
45831,3233,597,215,211,1368,842
45832,3230,781,116,174,1442,717
45833,10919,2052,422,698,5352,2395
45835,449,55,30,21,219,124
45836,1573,376,71,107,768,251
45838,72,10,15,1,41,5
45840,54559,9507,1741,5699,27418,10194
45841,924,154,22,37,583,128
45843,4184,688,243,476,2227,550
45844,3059,626,95,183,1547,608
45845,3429,939,166,285,1523,516
45846,4644,1052,270,458,1993,871
45848,76,0,0,4,50,22
45849,1002,207,30,121,485,159
45850,3559,811,72,300,1773,603
45851,524,63,31,41,275,114
45853,1526,244,74,156,789,263
45854,293,68,8,13,147,57
45855,182,44,2,0,106,30
45856,5042,1214,199,398,2335,896
45858,2795,473,205,130,1464,523
45859,384,61,3,48,182,90
45860,2326,667,67,174,1133,285
45861,404,106,19,24,220,35
45862,1417,218,53,82,704,360
45863,1256,253,81,76,711,135
45864,225,47,8,4,120,46
45865,5522,1400,171,395,2496,1060
45866,117,10,0,7,78,22
45867,978,160,42,42,524,210
45868,737,122,43,97,411,64
45869,4170,835,190,235,2074,836
45870,445,0,169,6,251,19
45871,2167,445,96,122,1141,363
45872,4548,1102,39,381,2124,902
45873,2414,429,147,134,1355,349
45874,1820,425,103,115,764,413
45875,11547,2678,547,818,5652,1852
45876,829,189,17,31,395,197
45877,2562,453,102,295,1254,458
45879,6194,1076,286,486,3023,1323
45880,2470,558,125,144,1227,416
45881,1683,324,185,64,704,406
45882,2919,434,201,240,1452,592
45883,4144,1085,281,398,1863,517
45884,141,0,0,43,71,27
45885,12753,2288,607,1228,6122,2508
45886,342,62,22,11,197,50
45887,4422,1027,256,251,2152,736
45888,166,0,25,0,130,11
45889,1687,479,128,125,775,180
45890,842,183,49,56,472,82
45891,15584,2782,623,1330,7643,3206
45893,160,0,0,0,52,108
45894,602,147,30,39,234,152
45895,17998,3253,774,1178,9107,3686
45896,1833,398,48,193,900,294
45897,115,35,13,6,43,18
45898,917,186,25,65,435,206
45899,206,64,3,9,90,40
