zip,edu_total,less_than_hs,hs_or_ged,some_college_assoc,bachelor_plus,pct_bachelor_plus
43001,2152,43,648,701,760,35.3
43002,909,44,67,280,518,57.0
43003,2803,197,1261,766,579,20.7
43004,20870,2709,4211,4592,9358,44.8
43005,195,77,106,12,0,0.0
43006,564,169,185,125,85,15.1
43007,52,0,34,5,13,25.0
43008,1864,288,673,625,278,14.9
43009,1362,145,609,313,295,21.7
43010,242,25,110,65,42,17.4
43011,4591,270,1715,1453,1153,25.1
43013,1214,43,353,425,393,32.4
43014,1973,426,836,465,246,12.5
43015,41128,1625,9590,9852,20061,48.8
43016,31539,1024,3359,5068,22088,70.0
43017,27906,749,2933,5238,18986,68.0
43018,253,26,132,95,0,0.0
43019,6313,1245,2043,1943,1082,17.1
43021,9405,224,1550,1723,5908,62.8
43022,1471,54,358,356,703,47.8
43023,9623,175,1499,2611,5338,55.5
43025,3970,269,1600,1310,791,19.9
43026,43900,1956,6907,11072,23965,54.6
43027,61,0,0,61,0,0.0
43028,5707,389,1970,1520,1828,32.0
43029,358,0,204,36,118,33.0
43030,182,0,60,54,68,37.4
43031,9674,327,3092,2624,3631,37.5
43032,0,0,0,0,0,
43033,277,23,168,69,17,6.1
43035,22289,660,1707,4527,15395,69.1
43036,244,16,123,77,28,11.5
43037,215,5,132,56,22,10.2
43040,27594,1406,8567,8368,9253,33.5
43044,3535,230,1746,984,575,16.3
43045,1157,40,460,345,312,27.0
43046,2278,54,977,726,521,22.9
43047,18,18,0,0,0,0.0
43050,21377,1416,8735,6077,5149,24.1
43054,18934,733,2061,3818,12322,65.1
43055,42971,3457,17206,12458,9850,22.9
43056,12388,735,4505,3966,3182,25.7
43060,1693,132,817,431,313,18.5
43061,3069,34,777,903,1355,44.2
43062,21806,1255,6723,6872,6956,31.9
43064,11591,416,2148,2522,6505,56.1
43065,32488,576,3450,6030,22432,69.0
43066,1017,0,299,241,477,46.9
43067,1300,152,542,340,266,20.5
43068,40275,3895,10889,13819,11672,29.0
43070,121,0,0,121,0,0.0
43071,1525,97,717,384,327,21.4
43072,3931,271,1833,1452,375,9.5
43074,11356,341,2792,3152,5071,44.7
43076,7128,460,2450,2191,2027,28.4
43077,123,13,52,44,14,11.4
43078,14128,1416,5711,3884,3117,22.1
43080,3563,287,1378,1191,707,19.8
43081,45077,1087,7707,11961,24322,54.0
43082,23310,476,2815,4344,15675,67.2
43084,617,37,281,175,124,20.1
43085,18388,713,2526,3982,11167,60.7
43101,218,42,99,43,34,15.6
43102,2602,159,1115,803,525,20.2
43103,8763,617,4124,2077,1945,22.2
43105,6215,220,1949,2113,1933,31.1
43106,1109,101,563,355,90,8.1
43107,2440,192,1104,752,392,16.1
43109,109,8,31,20,50,45.9
43110,29367,1968,7971,8688,10740,36.6
43111,242,0,210,32,0,0.0
43112,3205,98,1162,931,1014,31.6
43113,17124,1691,6601,4829,4003,23.4
43115,1118,81,686,223,128,11.4
43116,1579,63,504,521,491,31.1
43117,7,0,0,7,0,0.0
43119,20482,1869,6069,5537,7007,34.2
43123,47534,4053,14343,14360,14778,31.1
43125,10283,534,3143,3640,2966,28.8
43126,237,37,112,66,22,9.3
43127,189,0,48,98,43,22.8
43128,1273,98,658,391,126,9.9
43130,44214,3350,17356,13241,10267,23.2
43135,2988,324,1500,791,373,12.5
43136,1342,44,385,401,512,38.2
43137,1694,476,520,416,282,16.6
43138,12852,1463,5160,4494,1735,13.5
43140,18299,2132,6650,5382,4135,22.6
43142,66,10,50,5,1,1.5
43143,4034,321,1639,1359,715,17.7
43144,221,25,110,73,13,5.9
43145,1390,206,518,401,265,19.1
43146,9806,1089,3718,2819,2180,22.2
43147,30514,1274,5990,8342,14908,48.9
43148,1296,246,326,453,271,20.9
43149,1682,86,751,483,362,21.5
43150,1573,100,741,408,324,20.6
43151,151,15,97,34,5,3.3
43152,666,36,350,191,89,13.4
43153,831,69,394,109,259,31.2
43154,2358,193,925,582,658,27.9
43155,1914,56,652,648,558,29.2
43156,162,6,136,4,16,9.9
43157,387,28,210,128,21,5.4
43158,70,10,49,9,2,2.9
43160,15556,2088,7174,3925,2369,15.2
43162,4967,459,2191,1365,952,19.2
43164,1552,140,725,392,295,19.0
43201,14958,799,1806,3149,9204,61.5
43202,14355,765,1993,3176,8421,58.7
43203,5755,603,1435,1812,1905,33.1
43204,29454,4932,9695,7394,7433,25.2
43205,9331,921,2077,2153,4180,44.8
43206,17154,995,3486,4072,8601,50.1
43207,33725,5245,13130,9569,5781,17.1
43209,19233,647,3377,3947,11262,58.6
43210,180,0,0,37,143,79.4
43211,13729,2993,5685,3173,1878,13.7
43212,17576,490,1057,2483,13546,77.1
43213,24525,2690,9557,6882,5396,22.0
43214,21036,494,2493,4415,13634,64.8
43215,14587,465,1735,2148,10239,70.2
43217,1119,79,463,503,74,6.6
43218,0,0,0,0,0,
43219,19777,3386,6549,5345,4497,22.7
43220,20973,594,2580,4228,13571,64.7
43221,24714,752,2115,4431,17416,70.5
43222,2910,742,820,836,512,17.6
43223,19014,4489,7476,4780,2269,11.9
43224,29535,5692,9512,7587,6744,22.8
43227,16902,2293,6742,5169,2698,16.0
43228,37623,5112,11993,10300,10218,27.2
43229,35568,5445,10914,10208,9001,25.3
43230,40771,1863,8743,10200,19965,49.0
43231,15198,1435,4911,4211,4641,30.5
43232,30051,3878,11367,8983,5823,19.4
43235,32418,1169,4904,7679,18666,57.6
43240,6021,286,1399,1491,2845,47.3
43302,37888,4392,16299,11912,5285,13.9
43310,2296,231,870,835,360,15.7
43311,14119,1109,6459,4110,2441,17.3
43314,1462,172,710,428,152,10.4
43315,5142,423,2599,1428,692,13.5
43316,4152,141,2024,1203,784,18.9
43317,129,13,54,34,28,21.7
43318,2701,232,1093,878,498,18.4
43319,748,30,399,148,171,22.9
43320,904,28,540,249,87,9.6
43321,277,53,114,76,34,12.3
43322,274,31,137,77,29,10.6
43323,458,21,218,153,66,14.4
43324,1981,113,820,573,475,24.0
43325,18,0,18,0,0,0.0
43326,8466,714,4152,2049,1551,18.3
43330,73,10,48,12,3,4.1
43331,3166,231,1528,837,570,18.0
43332,1552,96,571,711,174,11.2
43333,691,122,377,162,30,4.3
43334,4409,244,1899,1361,905,20.5
43336,29,0,0,29,0,0.0
43337,484,31,179,177,97,20.0
43338,7770,692,3154,2089,1835,23.6
43340,1138,158,593,250,137,12.0
43341,801,63,406,189,143,17.9
43342,2692,107,984,945,656,24.4
43343,958,43,662,191,62,6.5
43344,4232,149,2253,1209,621,14.7
43345,473,10,139,198,126,26.6
43346,99,0,7,82,10,10.1
43347,732,46,391,136,159,21.7
43348,1437,181,602,285,369,25.7
43350,104,12,59,22,11,10.6
43351,7060,416,2944,2064,1636,23.2
43356,893,16,284,301,292,32.7
43357,3155,241,1083,948,883,28.0
43358,1737,125,729,546,337,19.4
43359,539,22,383,99,35,6.5
43360,978,9,227,526,216,22.1
43402,17309,711,4601,4592,7405,42.8
43403,0,0,0,0,0,
43406,1119,68,555,390,106,9.5
43407,370,31,225,82,32,8.6
43408,240,10,169,48,13,5.4
43410,7484,437,3084,2483,1480,19.8
43412,3097,157,1194,1028,718,23.2
43413,793,78,337,248,130,16.4
43414,144,0,0,0,144,100.0
43416,1991,44,602,615,730,36.7
43420,20232,1192,8869,6354,3817,18.9
43430,3169,298,1101,1018,752,23.7
43431,3414,204,1441,1166,603,17.7
43432,1060,0,301,501,258,24.3
43433,0,0,0,0,0,
43434,76,0,38,28,10,13.2
43435,964,41,492,179,252,26.1
43436,0,0,0,0,0,
43437,298,20,153,72,53,17.8
43438,116,2,24,28,62,53.4
43439,0,0,0,0,0,
43440,3598,132,904,1096,1466,40.7
43442,593,32,233,251,77,13.0
43443,1160,21,389,430,320,27.6
43445,703,0,397,240,66,9.4
43446,35,0,6,6,23,65.7
43447,2361,80,865,822,594,25.2
43449,5584,249,2083,1733,1519,27.2
43450,2674,124,976,842,732,27.4
43451,881,68,347,198,268,30.4
43452,11392,733,3851,3410,3398,29.8
43456,453,9,142,168,134,29.6
43457,1002,66,428,423,85,8.5
43458,182,7,109,60,6,3.3
43460,4475,259,1222,1619,1375,30.7
43462,739,73,279,224,163,22.1
43463,312,0,269,11,32,10.3
43464,1394,177,723,369,125,9.0
43465,3894,98,1442,1530,824,21.2
43466,1455,60,598,588,209,14.4
43467,115,3,58,47,7,6.1
43468,348,27,103,146,72,20.7
43469,2037,83,717,686,551,27.0
43501,466,58,262,104,42,9.0
43502,4758,246,1778,1483,1251,26.3
43504,782,66,251,209,256,32.7
43505,48,2,22,3,21,43.8
43506,10795,816,4751,3562,1666,15.4
43510,12,0,12,0,0,0.0
43511,580,74,226,201,79,13.6
43512,20239,1449,8575,6320,3895,19.2
43515,5547,251,2312,2007,977,17.6
43516,1735,92,671,553,419,24.1
43517,2427,139,1066,803,419,17.3
43518,1905,70,913,554,368,19.3
43519,198,0,97,62,39,19.7
43520,0,0,0,0,0,
43521,1829,133,996,445,255,13.9
43522,2277,120,1009,658,490,21.5
43523,44,0,0,22,22,50.0
43524,826,55,430,270,71,8.6
43525,822,63,188,276,295,35.9
43526,3642,394,1610,1153,485,13.3
43527,1662,124,940,377,221,13.3
43528,11684,794,2944,3682,4264,36.5
43529,260,39,113,80,28,10.8
43530,0,0,0,0,0,
43531,110,80,25,5,0,0.0
43532,2212,126,798,891,397,17.9
43533,1091,19,458,469,145,13.3
43534,966,70,354,366,176,18.2
43535,680,116,206,214,144,21.2
43536,180,19,62,62,37,20.6
43537,20425,500,4217,6847,8861,43.4
43540,1039,31,403,333,272,26.2
43541,113,23,27,60,3,2.7
43542,2926,68,546,841,1471,50.3
43543,5012,460,2317,1807,428,8.5
43545,9971,685,4013,3275,1998,20.0
43547,508,16,214,278,0,0.0
43548,570,24,227,171,148,26.0
43549,931,19,350,325,237,25.5
43551,30475,1149,6030,8334,14962,49.1
43553,264,11,103,82,68,25.8
43554,1467,98,677,514,178,12.1
43555,202,0,176,13,13,6.4
43556,1043,50,436,391,166,15.9
43557,2358,252,1101,635,370,15.7
43558,9736,808,3807,3310,1811,18.6
43560,22999,551,4265,5787,12396,53.9
43565,217,9,94,92,22,10.1
43566,6020,113,1406,1647,2854,47.4
43567,8445,469,3554,2523,1899,22.5
43569,1932,61,791,542,538,27.8
43570,1934,161,924,582,267,13.8
43571,5307,74,1363,1852,2018,38.0
43604,6916,1274,2491,1905,1246,18.0
43605,15546,3165,6061,4808,1512,9.7
43606,15529,760,3105,4736,6928,44.6
43607,11794,870,4401,3788,2735,23.2
43608,8729,2071,3438,2480,740,8.5
43609,13582,2927,5142,3908,1605,11.8
43610,2814,386,903,1077,448,15.9
43611,13030,1614,5052,4168,2196,16.9
43612,18581,1953,6887,7162,2579,13.9
43613,21189,1765,6793,8041,4590,21.7
43614,21478,1144,5454,7663,7217,33.6
43615,27951,1705,8352,9968,7926,28.4
43616,14556,1062,5700,4140,3654,25.1
43617,5646,125,704,1751,3066,54.3
43619,4943,668,1314,1677,1284,26.0
43620,3388,560,971,754,1103,32.6
43623,15089,838,4324,4942,4985,33.0
43701,39073,3808,16218,11574,7473,19.1
43711,0,0,0,0,0,
43713,4715,330,2318,1164,903,19.2
43716,1479,186,796,414,83,5.6
43717,119,33,55,24,7,5.9
43718,2013,102,873,643,395,19.6
43719,1542,106,619,413,404,26.2
43720,966,109,552,243,62,6.4
43721,112,0,112,0,0,0.0
43722,250,9,174,67,0,0.0
43723,3131,472,1447,864,348,11.1
43724,7226,1149,3362,1551,1164,16.1
43725,14070,1477,5889,4122,2582,18.4
43727,920,71,560,132,157,17.1
43728,903,182,404,246,71,7.9
43730,1954,372,975,453,154,7.9
43731,3307,373,1694,808,432,13.1
43732,1127,174,405,420,128,11.4
43733,66,0,66,0,0,0.0
43734,1336,0,370,437,529,39.6
43735,263,13,26,160,64,24.3
43736,8,0,2,6,0,0.0
43738,73,17,29,27,0,0.0
43739,1743,143,942,357,301,17.3
43740,189,12,90,65,22,11.6
43746,649,41,272,244,92,14.2
43747,866,196,346,204,120,13.9
43748,1767,230,812,560,165,9.3
43749,1767,427,819,217,304,17.2
43750,67,0,38,29,0,0.0
43754,1068,136,459,343,130,12.2
43755,1302,227,470,423,182,14.0
43756,4162,408,1643,1213,898,21.6
43758,1816,216,805,588,207,11.4
43759,165,20,69,43,33,20.0
43760,949,127,421,208,193,20.3
43761,45,18,27,0,0,0.0
43762,2967,159,828,753,1227,41.4
43764,5820,737,2961,1238,884,15.2
43766,874,77,471,268,58,6.6
43767,955,46,396,282,231,24.2
43768,147,8,64,43,32,21.8
43771,1573,267,895,330,81,5.1
43772,972,55,534,239,144,14.8
43773,1761,499,619,451,192,10.9
43777,3021,317,1764,796,144,4.8
43778,972,246,369,226,131,13.5
43779,521,53,267,106,95,18.2
43780,1787,174,668,655,290,16.2
43782,403,40,200,123,40,9.9
43783,3222,352,1272,870,728,22.6
43786,53,10,27,9,7,13.2
43787,1596,214,714,507,161,10.1
43788,611,14,306,201,90,14.7
43791,33,9,10,14,0,0.0
43793,3493,305,1716,1060,412,11.8
43802,870,157,441,134,138,15.9
43804,2019,954,645,260,160,7.9
43805,267,47,37,50,133,49.8
43811,314,37,158,65,54,17.2
43812,12629,1320,5412,3626,2271,18.0
43821,2884,286,1214,905,479,16.6
43822,3397,276,1846,791,484,14.2
43824,2846,1169,807,502,368,12.9
43830,3969,394,1279,967,1329,33.5
43832,5007,871,2205,1394,537,10.7
43836,86,17,40,23,6,7.0
43837,979,97,520,285,77,7.9
43840,799,136,406,184,73,9.1
43842,205,16,67,42,80,39.0
43843,548,94,266,144,44,8.0
43844,2994,420,1319,675,580,19.4
43845,3440,388,1419,1115,518,15.1
43901,1695,102,894,442,257,15.2
43902,59,0,59,0,0,0.0
43903,1594,123,848,433,190,11.9
43905,414,27,212,52,123,29.7
43906,5898,610,2717,1805,766,13.0
43907,3643,225,1850,1150,418,11.5
43908,810,84,339,301,86,10.6
43909,31,0,0,0,31,100.0
43910,2482,357,888,692,545,22.0
43912,4365,231,1848,1484,802,18.4
43913,892,9,413,359,111,12.4
43914,0,0,0,0,0,
43915,917,27,501,253,136,14.8
43917,1704,142,697,519,346,20.3
43920,15160,1587,6487,4887,2199,14.5
43925,39,21,18,0,0,0.0
43926,198,16,100,72,10,5.1
43928,173,0,114,40,19,11.0
43930,640,39,330,247,24,3.8
43931,178,0,84,14,80,44.9
43932,562,94,278,138,52,9.3
43933,1501,63,857,436,145,9.7
43934,113,12,17,76,8,7.1
43935,5620,581,2337,1927,775,13.8
43938,3913,325,1988,1107,493,12.6
43939,265,26,136,80,23,8.7
43940,221,0,138,38,45,20.4
43942,1508,143,798,359,208,13.8
43943,2398,260,1095,681,362,15.1
43944,1987,187,668,913,219,11.0
43945,2073,258,1087,502,226,10.9
43946,1121,44,544,377,156,13.9
43947,3463,114,1633,791,925,26.7
43948,510,0,343,109,58,11.4
43950,12504,1065,5163,3215,3061,24.5
43951,42,0,14,28,0,0.0
43952,10986,990,3948,3290,2758,25.1
43953,8524,520,2880,2522,2602,30.5
43961,189,6,71,87,25,13.2
43962,45,0,39,2,4,8.9
43963,974,86,376,292,220,22.6
43964,6896,424,2976,2355,1141,16.5
43967,18,0,9,9,0,0.0
43968,4706,374,2258,1440,634,13.5
43971,716,17,372,280,47,6.6
43972,109,0,99,5,5,4.6
43973,1264,265,581,304,114,9.0
43974,76,1,33,35,7,9.2
43976,1258,100,829,242,87,6.9
43977,1984,102,996,599,287,14.5
43981,199,11,104,47,37,18.6
43983,279,46,71,96,66,23.7
43985,142,12,89,39,2,1.4
43986,1111,194,468,338,111,10.0
43988,1639,219,810,356,254,15.5
44001,15579,594,4763,5661,4561,29.3
44003,2915,549,1394,808,164,5.6
44004,22389,2787,9693,6564,3345,14.9
44010,1139,115,269,450,305,26.8
44011,16990,322,2916,3800,9952,58.6
44012,18472,330,2879,4795,10468,56.7
44017,11820,520,3163,3721,4416,37.4
44021,3901,692,1481,829,899,23.0
44022,12152,126,1144,2097,8785,72.3
44023,13525,136,2598,2987,7804,57.7
44024,17513,723,5253,4860,6677,38.1
44026,8130,497,1814,2399,3420,42.1
44028,7199,388,2427,2228,2156,29.9
44030,11881,1399,4927,3521,2034,17.1
44032,1094,137,648,263,46,4.2
44035,43967,5287,14968,15790,7922,18.0
44039,25686,695,6815,9245,8931,34.8
44040,2304,43,255,560,1446,62.8
44041,10524,1018,4562,2997,1947,18.5
44044,11617,1310,4410,3848,2049,17.6
44045,503,24,203,172,104,20.7
44046,1016,128,484,235,169,16.6
44047,5884,448,2380,1798,1258,21.4
44048,1840,191,905,437,307,16.7
44049,166,12,74,57,23,13.9
44050,5200,264,1867,1671,1398,26.9
44052,18828,3177,6748,6456,2447,13.0
44053,14362,1378,4917,4925,3142,21.9
44054,9626,572,3304,3332,2418,25.1
44055,13939,2440,5822,4409,1268,9.1
44056,8665,366,1811,2656,3832,44.2
44057,13935,1198,5609,4474,2654,19.0
44060,45141,1558,12958,14110,16515,36.6
44062,8554,3727,2219,1386,1222,14.3
44064,1022,41,323,293,365,35.7
44065,3051,147,1054,1043,807,26.5
44067,15508,958,5368,3450,5732,37.0
44068,157,3,75,73,6,3.8
44070,23249,1018,7000,7728,7503,32.3
44072,3949,249,762,697,2241,56.7
44074,6869,349,1825,1763,2932,42.7
44076,3064,706,1124,942,292,9.5
44077,40003,3359,12808,11777,12059,30.1
44080,41,1,1,38,1,2.4
44081,4914,200,1455,1792,1467,29.9
44082,1168,39,559,490,80,6.8
44084,2707,263,979,892,573,21.2
44085,2161,337,649,761,414,19.2
44086,1884,131,760,617,376,20.0
44087,15941,794,3905,3661,7581,47.6
44089,12037,741,3701,3777,3818,31.7
44090,7330,520,2752,2198,1860,25.4
44092,12066,541,4164,3894,3467,28.7
44093,849,65,311,341,132,15.5
44094,28081,1195,7595,8036,11255,40.1
44095,24079,1291,8989,8036,5763,23.9
44099,891,282,242,129,238,26.7
44101,617,134,189,278,16,2.6
44102,28085,5526,8541,6754,7264,25.9
44103,10214,1944,3633,3522,1115,10.9
44104,11577,2309,4468,3543,1257,10.9
44105,22117,3765,9433,6389,2530,11.4
44106,15147,1350,3201,3098,7498,49.5
44107,38317,1650,6820,8652,21195,55.3
44108,13781,2144,5060,4181,2396,17.4
44109,27277,4934,9839,7796,4708,17.3
44110,11919,1753,4862,3675,1629,13.7
44111,28974,4328,9318,8023,7305,25.2
44112,12833,1956,3900,4694,2283,17.8
44113,15924,1708,3007,2521,8688,54.6
44114,4971,830,705,941,2495,50.2
44115,5810,764,1622,1168,2256,38.8
44116,15763,334,2400,2909,10120,64.2
44117,6715,681,2212,2221,1601,23.8
44118,25386,946,2978,5589,15873,62.5
44119,9583,533,3797,3338,1915,20.0
44120,24930,2386,5897,6707,9940,39.9
44121,22044,984,4506,7380,9174,41.6
44122,26571,930,3231,5846,16564,62.3
44123,12028,1210,3735,3903,3180,26.4
44124,30457,1061,6235,6679,16482,54.1
44125,20140,1861,7746,7100,3433,17.0
44126,12502,402,2629,3380,6091,48.7
44127,2703,834,1066,521,282,10.4
44128,18938,2185,6062,7061,3630,19.2
44129,20975,1707,7578,6656,5034,24.0
44130,37150,2787,11946,11874,10543,28.4
44131,15812,585,4574,4475,6178,39.1
44132,9942,1101,3218,3629,1994,20.1
44133,22975,977,6807,6392,8799,38.3
44134,28091,2320,10072,8520,7179,25.6
44135,19413,2860,7477,5217,3859,19.9
44136,18482,1081,4014,4885,8502,46.0
44137,15227,1493,5574,5721,2439,16.0
44138,16187,582,3868,4809,6928,42.8
44139,17332,951,2300,2933,11148,64.3
44140,10812,133,1188,2087,7404,68.5
44141,10169,223,1503,2364,6079,59.8
44142,13704,1328,5609,4570,2197,16.0
44143,18904,1026,4321,5397,8160,43.2
44144,16325,1947,6400,4956,3022,18.5
44145,25137,1157,3857,4992,15131,60.2
44146,21087,1217,7846,7500,4524,21.5
44147,14342,312,2669,3899,7462,52.0
44149,15432,550,3474,3563,7845,50.8
44201,4856,472,2203,1412,769,15.8
44202,16711,404,2763,3584,9960,59.6
44203,28386,2486,11426,8454,6020,21.2
44212,32324,2213,10171,10448,9492,29.4
44214,1706,98,798,515,295,17.3
44215,1840,182,529,647,482,26.2
44216,6871,259,2296,2410,1906,27.7
44217,2768,263,1251,644,610,22.0
44221,21201,1159,6607,6666,6769,31.9
44223,14207,401,3308,4001,6497,45.7
44224,27691,1290,6558,6581,13262,47.9
44230,5788,626,1929,1544,1689,29.2
44231,5457,630,2679,1075,1073,19.7
44232,0,0,0,0,0,
44233,5470,376,1049,1745,2300,42.0
44234,2367,146,761,569,891,37.6
44235,1010,228,207,167,408,40.4
44236,17775,325,1717,2602,13131,73.9
44240,23103,1075,6050,5558,10420,45.1
44241,13814,1059,4508,4336,3911,28.3
44243,96,0,0,81,15,15.6
44250,1377,187,815,279,96,7.0
44251,759,22,194,199,344,45.3
44253,2564,78,981,832,673,26.2
44254,3556,401,1614,1189,352,9.9
44255,5391,513,2348,1256,1274,23.6
44256,47094,2045,12150,13270,19629,41.7
44260,9218,573,3643,2424,2578,28.0
44262,3784,236,1225,857,1466,38.7
44264,2451,91,583,456,1321,53.9
44266,23224,2234,9323,6446,5221,22.5
44270,5508,720,2436,1286,1066,19.4
44272,4257,183,1770,1031,1273,29.9
44273,4922,423,1712,1475,1312,26.7
44274,91,2,2,74,13,14.3
44275,2493,185,1168,741,399,16.0
44276,1294,99,667,279,249,19.2
44278,13731,1058,3869,4209,4595,33.5
44280,3968,204,1265,933,1566,39.5
44281,24027,994,6394,6388,10251,42.7
44285,56,4,19,16,17,30.4
44286,4818,86,940,1373,2419,50.2
44287,5286,862,2119,1305,1000,18.9
44288,2571,377,1297,595,302,11.7
44301,9242,1042,3252,3095,1853,20.0
44302,4205,274,1334,1599,998,23.7
44303,5726,306,934,1287,3199,55.9
44304,1787,161,379,588,659,36.9
44305,14581,1542,5019,5253,2767,19.0
44306,13448,2031,5978,4201,1238,9.2
44307,4218,634,1514,1628,442,10.5
44308,541,41,174,155,171,31.6
44310,16499,3888,5287,4872,2452,14.9
44311,3721,780,1335,1287,319,8.6
44312,22475,1969,8704,6982,4820,21.4
44313,19812,644,3426,5585,10157,51.3
44314,12419,1714,4915,4251,1539,12.4
44319,16547,807,5319,5348,5073,30.7
44320,12264,1084,4141,4807,2232,18.2
44321,10953,314,1673,2056,6910,63.1
44325,1,0,0,1,0,0.0
44333,14578,338,1942,2319,9979,68.5
44401,1782,91,700,505,486,27.3
44402,1910,383,780,455,292,15.3
44403,2972,111,1371,981,509,17.1
44404,1115,209,515,189,202,18.1
44405,5176,828,2286,1066,996,19.2
44406,16682,626,3402,4568,8086,48.5
44408,8260,375,3143,1933,2809,34.0
44410,12197,589,4658,3490,3460,28.4
44411,1433,108,602,549,174,12.1
44412,2242,163,1059,582,438,19.5
44413,5169,819,2204,1536,610,11.8
44415,345,90,142,88,25,7.2
44417,1056,95,581,240,140,13.3
44418,1174,135,305,250,484,41.2
44420,10857,570,4368,3713,2206,20.3
44423,1622,88,675,485,374,23.1
44424,78,0,52,16,10,12.8
44425,10123,435,4269,2712,2707,26.7
44427,980,51,621,147,161,16.4
44428,2284,226,1106,568,384,16.8
44429,1622,149,597,556,320,19.7
44430,3716,554,2213,755,194,5.2
44431,3401,333,1534,911,623,18.3
44432,9216,1400,3994,2469,1353,14.7
44436,2332,187,943,658,544,23.3
44437,2806,159,1159,784,704,25.1
44438,3729,436,1822,906,565,15.2
44439,293,118,126,37,12,4.1
44440,3410,261,1579,897,673,19.7
44441,1041,56,407,376,202,19.4
44442,2851,60,1152,755,884,31.0
44443,1115,51,498,421,145,13.0
44444,7095,431,3404,2024,1236,17.4
44445,1982,139,1051,534,258,13.0
44446,14995,1173,6617,3943,3262,21.8
44449,905,116,401,228,160,17.7
44450,1326,196,601,389,140,10.6
44451,2165,219,880,610,456,21.1
44452,2138,159,826,441,712,33.3
44454,648,36,167,188,257,39.7
44455,1022,154,471,255,142,13.9
44460,18137,1820,7482,5197,3638,20.1
44470,2825,441,1143,684,557,19.7
44471,7488,488,3223,2473,1304,17.4
44473,3005,134,1281,832,758,25.2
44481,7547,781,3527,2112,1127,14.9
44483,17897,2056,7611,4979,3251,18.2
44484,15371,843,5843,4152,4533,29.5
44485,10060,1743,4608,2412,1297,12.9
44490,423,45,220,110,48,11.3
44491,2260,719,767,433,341,15.1
44493,32,12,20,0,0,0.0
44502,5591,1027,2553,1472,539,9.6
44503,813,135,291,343,44,5.4
44504,3282,315,1059,1079,829,25.3
44505,11090,1492,3807,3540,2251,20.3
44506,1500,243,753,464,40,2.7
44507,2488,580,1098,666,144,5.8
44509,7396,1215,3348,1751,1082,14.6
44510,1218,370,491,288,69,5.7
44511,14131,891,4614,4841,3785,26.8
44512,23842,1265,6753,7395,8429,35.4
44514,17341,491,5093,5256,6501,37.5
44515,20577,1170,8787,6124,4496,21.8
44555,0,0,0,0,0,
44601,22868,2223,10880,6050,3715,16.2
44606,4778,2227,1618,534,399,8.4
44607,15,0,15,0,0,0.0
44608,1569,372,826,288,83,5.3
44609,2743,156,1338,762,487,17.8
44610,186,83,43,15,45,24.2
44611,1429,372,639,318,100,7.0
44612,3843,165,1315,1101,1262,32.8
44613,1439,167,695,441,136,9.5
44614,9721,281,3532,3180,2728,28.1
44615,7236,770,3493,2015,958,13.2
44618,4405,996,1587,765,1057,24.0
44619,212,0,111,58,43,20.3
44620,1208,61,640,331,176,14.6
44621,2840,330,1454,643,413,14.5
44622,12797,1042,5048,3158,3549,27.7
44624,3146,1514,1057,465,110,3.5
44625,612,26,312,160,114,18.6
44626,2129,101,1089,593,346,16.3
44627,3725,2159,822,528,216,5.8
44628,913,70,501,152,190,20.8
44629,1930,86,1102,391,351,18.2
44630,0,0,0,0,0,
44632,7090,513,2337,2060,2180,30.7
44633,1597,698,508,295,96,6.0
44634,1419,71,774,322,252,17.8
44637,1878,298,1057,378,145,7.7
44638,889,222,399,189,79,8.9
44639,179,28,103,48,0,0.0
44640,87,2,43,0,42,48.3
44641,13931,651,5419,4502,3359,24.1
44643,2717,170,1159,819,569,20.9
44644,3419,203,1581,791,844,24.7
44645,1759,95,857,345,462,26.3
44646,34810,2007,12420,11365,9018,25.9
44647,13409,896,6097,4018,2398,17.9
44651,448,217,136,47,48,10.7
44652,352,0,59,161,132,37.5
44653,491,39,266,152,34,6.9
44654,12820,5050,4031,1860,1879,14.7
44656,1846,215,904,443,284,15.4
44657,7374,597,3757,2283,737,10.0
44659,106,51,30,23,2,1.9
44660,41,14,27,0,0,0.0
44661,220,25,120,48,27,12.3
44662,7256,678,3290,1922,1366,18.8
44663,18014,1427,7624,4916,4047,22.5
44665,76,0,50,14,12,15.8
44666,2174,137,953,640,444,20.4
44667,8847,879,3559,2298,2111,23.9
44669,1238,26,526,335,351,28.4
44670,174,0,92,67,15,8.6
44671,105,0,35,53,17,16.2
44672,3662,438,1778,880,566,15.5
44675,1709,100,852,333,424,24.8
44676,3339,473,1279,809,778,23.3
44677,1916,81,663,734,438,22.9
44678,134,0,119,15,0,0.0
44680,3123,156,1601,771,595,19.1
44681,5470,2453,1696,661,660,12.1
44682,740,30,399,183,128,17.3
44683,5166,907,2629,1080,550,10.6
44685,20470,651,5419,5816,8584,41.9
44687,329,31,251,41,6,1.8
44688,2088,243,1273,434,138,6.6
44689,234,84,85,49,16,6.8
44690,52,0,27,0,25,48.1
44691,30242,2036,11048,7250,9908,32.8
44693,49,0,21,12,16,32.7
44695,899,84,429,262,124,13.8
44697,207,0,58,109,40,19.3
44699,486,31,288,126,41,8.4
44702,846,166,360,210,110,13.0
44703,5078,674,1981,1756,667,13.1
44704,2300,221,1040,836,203,8.8
44705,10962,1611,3982,4061,1308,11.9
44706,11465,1134,5307,3753,1271,11.1
44707,5976,990,2499,1933,554,9.3
44708,17543,1163,6223,5238,4919,28.0
44709,13628,868,4437,4392,3931,28.8
44710,6003,615,2322,2086,980,16.3
44714,6307,561,2131,2049,1566,24.8
44718,9180,103,2215,2740,4122,44.9
44720,28847,705,6739,8752,12651,43.9
44721,9849,170,2592,2756,4331,44.0
44730,4185,339,1976,1041,829,19.8
44802,555,53,220,201,81,14.6
44804,1013,16,485,227,285,28.1
44805,20454,1588,8747,4951,5168,25.3
44807,1632,55,702,468,407,24.9
44809,103,0,23,45,35,34.0
44811,9088,567,4060,2828,1633,18.0
44813,5959,612,2616,1594,1137,19.1
44814,1787,151,694,570,372,20.8
44815,476,51,217,146,62,13.0
44817,1033,29,397,353,254,24.6
44818,1404,100,736,356,212,15.1
44820,12103,1016,5570,3511,2006,16.6
44822,2291,418,811,512,550,24.0
44824,2551,286,846,855,564,22.1
44825,59,6,23,23,7,11.9
44826,774,61,387,268,58,7.5
44827,4960,376,2099,1304,1181,23.8
44828,131,8,113,9,1,0.8
44830,12566,1091,6326,3621,1528,12.2
44833,11557,1057,4743,3812,1945,16.8
44836,1847,81,665,813,288,15.6
44837,3099,367,1746,619,367,11.8
44838,131,8,66,47,10,7.6
44839,9556,264,2182,3012,4098,42.9
44840,2542,238,1088,611,605,23.8
44841,338,87,137,67,47,13.9
44842,3870,361,1487,1156,866,22.4
44843,1902,62,981,459,400,21.0
44844,528,27,174,184,143,27.1
44846,2492,102,910,693,787,31.6
44847,2388,144,1204,589,451,18.9
44849,1576,100,860,392,224,14.2
44850,106,26,19,0,61,57.5
44851,3469,442,1660,931,436,12.6
44853,1037,48,574,257,158,15.2
44854,1188,92,573,384,139,11.7
44855,681,116,269,166,130,19.1
44856,49,10,31,7,1,2.0
44857,16285,1129,7099,4848,3209,19.7
44859,1489,122,763,376,228,15.3
44861,31,0,0,0,31,100.0
44864,2314,184,1028,738,364,15.7
44865,2236,371,896,626,343,15.3
44866,1243,179,491,293,280,22.5
44867,1478,58,661,484,275,18.6
44870,27750,2336,10330,8172,6912,24.9
44874,184,26,69,46,43,23.4
44875,9546,544,4783,2709,1510,15.8
44878,1590,392,605,418,175,11.0
44880,2407,136,1269,675,327,13.6
44881,103,0,61,22,20,19.4
44882,1783,105,1131,277,270,15.1
44883,18980,1172,7055,5748,5005,26.4
44887,758,60,422,135,141,18.6
44889,5301,555,2205,1813,728,13.7
44890,7272,774,3054,2188,1256,17.3
44901,0,0,0,0,0,
44902,2874,432,1364,918,160,5.6
44903,17818,1395,7989,4946,3488,19.6
44904,9477,618,3212,2976,2671,28.2
44905,12611,2087,5787,3939,798,6.3
44906,12308,1475,4874,3163,2796,22.7
44907,11717,977,4854,3734,2152,18.4
45001,538,72,297,142,27,5.0
45002,9871,994,3113,2571,3193,32.3
45003,614,78,209,139,188,30.6
45005,21632,1874,9116,6269,4373,20.2
45011,50790,5308,14867,13540,17075,33.6
45013,35264,2921,14600,9492,8251,23.4
45014,31643,2946,9747,9408,9542,30.2
45015,7651,1053,3100,2525,973,12.7
45030,15056,945,4417,5046,4648,30.9
45032,467,37,211,144,75,16.1
45033,254,38,118,59,39,15.4
45034,766,0,164,219,383,50.0
45036,29523,2422,9210,7972,9919,33.6
45039,19695,657,3712,5156,10170,51.6
45040,41068,1341,5598,8275,25854,63.0
45041,118,0,118,0,0,0.0
45042,19170,1481,6930,6688,4071,21.2
45044,36157,4214,11858,9305,10780,29.8
45050,7670,341,1594,2594,3141,41.0
45051,255,12,26,120,97,38.0
45052,3132,190,911,1031,1000,31.9
45053,2462,145,1131,659,527,21.4
45054,2049,50,673,616,710,34.7
45055,168,31,89,48,0,0.0
45056,10654,434,2691,1977,5552,52.1
45062,365,42,142,147,34,9.3
45064,2418,187,1074,486,671,27.8
45065,4472,320,1528,844,1780,39.8
45066,17817,456,3268,4177,9916,55.7
45067,10093,911,4304,2945,1933,19.2
45068,8128,372,2426,2329,3001,36.9
45069,37216,2056,6759,8712,19689,52.9
45070,80,9,50,17,4,5.0
45101,1379,186,759,312,122,8.8
45102,16376,1714,5293,5196,4173,25.5
45103,25403,2781,8381,7360,6881,27.1
45105,23,0,23,0,0,0.0
45106,8281,765,3951,2419,1146,13.8
45107,5874,639,2831,1703,701,11.9
45111,197,4,40,56,97,49.2
45112,11,2,6,0,3,27.3
45113,2669,120,1107,821,621,23.3
45115,115,0,31,11,73,63.5
45118,2523,248,1351,534,390,15.5
45119,186,131,55,0,0,0.0
45120,1791,231,888,458,214,11.9
45121,6526,1014,2569,1745,1198,18.4
45122,7580,853,3451,2249,1027,13.5
45123,5760,871,2354,1740,795,13.8
45130,3102,308,1626,880,288,9.3
45131,228,61,124,32,11,4.8
45132,67,7,41,13,6,9.0
45133,16669,2253,6396,5276,2744,16.5
45135,3119,310,1251,846,712,22.8
45140,39717,1199,7636,10021,20861,52.5
45142,2858,216,1348,1013,281,9.8
45144,2766,356,1228,812,370,13.4
45146,1011,92,431,351,137,13.6
45147,57,0,0,0,57,100.0
45148,1216,119,460,436,201,16.5
45150,24413,1504,6660,6356,9893,40.5
45152,9526,283,2501,3282,3460,36.3
45153,1673,314,874,261,224,13.4
45154,5413,674,2674,1268,797,14.7
45155,339,83,134,84,38,11.2
45156,37,25,3,6,3,8.1
45157,6379,504,2533,1766,1576,24.7
45158,570,94,258,165,53,9.3
45159,2481,198,1210,671,402,16.2
45160,324,131,119,44,30,9.3
45162,1990,221,778,563,428,21.5
45164,123,11,44,45,23,18.7
45166,60,0,60,0,0,0.0
45167,2298,310,1092,627,269,11.7
45168,1274,225,473,396,180,14.1
45169,3024,340,1375,931,378,12.5
45171,4184,420,1832,1139,793,19.0
45172,163,15,79,67,2,1.2
45174,1392,18,56,132,1186,85.2
45176,7239,780,2954,2239,1266,17.5
45177,15325,876,5556,5121,3772,24.6
45202,14381,864,1821,2545,9151,63.6
45203,1731,270,594,250,617,35.6
45204,4407,1008,1605,1021,773,17.5
45205,11104,2005,3480,3268,2351,21.2
45206,8318,1025,1119,1684,4490,54.0
45207,3366,360,1061,985,960,28.5
45208,13396,90,790,1329,11187,83.5
45209,8834,345,699,1183,6607,74.8
45211,24577,2466,7532,7574,7005,28.5
45212,15024,1334,3935,3447,6308,42.0
45213,8492,435,1387,1941,4729,55.7
45214,5422,578,2101,1771,972,17.9
45215,20857,1567,6650,5545,7095,34.0
45216,6295,643,1738,2121,1793,28.5
45217,4321,304,1379,1250,1388,32.1
45218,2535,115,717,860,843,33.3
45219,5549,607,1149,1272,2521,45.4
45220,8570,290,1526,1699,5055,59.0
45223,9807,787,2334,2213,4473,45.6
45224,15469,1462,4401,3957,5649,36.5
45225,5015,1039,1949,1628,399,8.0
45226,4480,146,465,605,3264,72.9
45227,13684,782,2349,3091,7462,54.5
45229,9354,1329,2541,2603,2881,30.8
45230,18798,677,3271,4607,10243,54.5
45231,28655,2106,8923,9245,8381,29.2
45232,3822,569,1351,1318,584,15.3
45233,10539,602,2578,2495,4864,46.2
45236,18886,934,3916,4234,9802,51.9
45237,14703,1769,4533,4038,4363,29.7
45238,32074,2946,10971,9691,8466,26.4
45239,19728,1688,6304,6627,5109,25.9
45240,19001,1906,5519,6020,5556,29.2
45241,18073,957,4126,4537,8453,46.8
45242,15604,340,1732,2656,10876,69.7
45243,11390,181,1232,1693,8284,72.7
45244,19141,858,3509,4687,10087,52.7
45245,15085,884,4715,4612,4874,32.3
45246,9316,912,2517,3046,2841,30.5
45247,16762,590,4684,4794,6694,39.9
45248,16397,759,5050,4809,5779,35.2
45249,9748,437,1014,1790,6507,66.8
45251,13824,1223,5287,4278,3036,22.0
45252,3583,155,856,1086,1486,41.5
45255,16090,339,3255,4318,8178,50.8
45267,2,1,0,1,0,0.0
45301,138,0,0,105,33,23.9
45302,2686,113,1209,668,696,25.9
45303,1361,83,806,337,135,9.9
45304,5097,421,2170,1631,875,17.2
45305,8275,268,1524,2120,4363,52.7
45306,1387,32,616,371,368,26.5
45307,144,7,78,25,34,23.6
45308,3021,241,1715,668,397,13.1
45309,8586,454,3127,2889,2116,24.6
45310,154,7,93,32,22,14.3
45311,3985,289,2217,972,507,12.7
45312,818,35,285,313,185,22.6
45314,2405,122,466,618,1199,49.9
45315,3921,33,813,1345,1730,44.1
45316,119,0,32,46,41,34.5
45317,872,57,330,325,160,18.3
45318,4265,263,2112,1337,553,13.0
45319,217,33,73,61,50,23.0
45320,11145,686,4995,3005,2459,22.1
45321,733,66,406,156,105,14.3
45322,15052,411,4665,5906,4070,27.0
45323,3697,192,977,1612,916,24.8
45324,28090,2504,7516,9647,8423,30.0
45325,1853,174,653,610,416,22.5
45326,1031,98,509,324,100,9.7
45327,6134,212,2136,2142,1644,26.8
45328,332,48,183,62,39,11.7
45330,530,54,258,114,104,19.6
45331,15714,1597,6686,4770,2661,16.9
45332,422,59,216,72,75,17.8
45333,1111,91,435,479,106,9.5
45334,1284,81,571,335,297,23.1
45335,5220,327,1959,1584,1350,25.9
45336,63,3,33,17,10,15.9
45337,1135,90,497,409,139,12.2
45338,3141,182,1628,970,361,11.5
45339,754,43,199,182,330,43.8
45340,592,24,261,209,98,16.6
45341,2583,274,1011,875,423,16.4
45342,25244,1631,6863,8338,8412,33.3
45344,12110,1325,4290,4109,2386,19.7
45345,4122,415,1502,1377,828,20.1
45346,1274,136,641,287,210,16.5
45347,2910,391,1210,898,411,14.1
45348,515,15,356,83,61,11.8
45349,179,13,70,69,27,15.1
45350,43,2,12,12,17,39.5
45351,191,13,64,74,40,20.9
45352,126,10,82,32,2,1.6
45353,154,6,95,45,8,5.2
45354,435,27,195,144,69,15.9
45356,17825,1984,7841,5194,2806,15.7
45358,239,6,118,72,43,18.0
45359,1394,42,627,433,292,20.9
45360,245,33,156,36,20,8.2
45361,148,16,72,41,19,12.8
45362,841,38,454,276,73,8.7
45363,1159,19,444,378,318,27.4
45365,19830,2217,8166,5490,3957,20.0
45368,2892,315,1219,787,571,19.7
45369,3106,292,1228,885,701,22.6
45370,1874,106,259,671,838,44.7
45371,15572,908,4272,4967,5425,34.8
45372,192,18,79,71,24,12.5
45373,25998,1640,8447,6793,9118,35.1
45377,10314,419,3182,3586,3127,30.3
45378,362,26,178,115,43,11.9
45380,3799,196,1686,1049,868,22.8
45381,3942,310,1639,1272,721,18.3
45382,885,41,353,326,165,18.6
45383,4587,348,1898,1548,793,17.3
45384,400,23,53,73,251,62.7
45385,28099,2192,8459,8384,9064,32.3
45387,4295,126,533,962,2674,62.3
45388,447,24,145,186,92,20.6
45389,484,52,241,140,51,10.5
45390,2281,339,1140,524,278,12.2
45402,6729,648,1776,2216,2089,31.0
45403,8823,1743,2911,2995,1174,13.3
45404,6284,1265,2529,1852,638,10.2
45405,13121,1236,4631,4536,2718,20.7
45406,13384,1659,4441,4584,2700,20.2
45409,4670,128,499,1114,2929,62.7
45410,9816,1187,3119,3314,2196,22.4
45414,15493,1821,4834,5167,3671,23.7
45415,9046,431,2434,3233,2948,32.6
45416,3943,290,1534,1626,493,12.5
45417,19041,3227,6610,6834,2370,12.4
45419,11404,329,1245,3299,6531,57.3
45420,17756,1372,5173,6250,4961,27.9
45423,0,0,0,0,0,
45424,35524,2392,10087,12944,10101,28.4
45426,10178,588,3269,3966,2355,23.1
45428,272,28,56,111,77,28.3
45429,19319,638,3657,5726,9298,48.1
45430,5113,187,875,1410,2641,51.7
45431,19030,1098,4931,6141,6860,36.0
45432,10790,656,2669,3457,4008,37.1
45433,786,39,85,369,293,37.3
45434,8818,118,854,2567,5279,59.9
45435,8,0,0,0,8,100.0
45439,7544,778,2533,2881,1352,17.9
45440,15548,439,3482,4560,7067,45.5
45449,12828,918,3945,4944,3021,23.6
45458,26975,1005,3967,5769,16234,60.2
45459,21516,421,3748,6451,10896,50.6
45469,9,0,0,0,9,100.0
45501,0,0,0,0,0,
45502,12253,897,3901,4058,3397,27.7
45503,23049,2579,8015,7882,4573,19.8
45504,10899,890,3344,3712,2953,27.1
45505,12511,2226,5223,3562,1500,12.0
45506,9266,1187,3793,2965,1321,14.3
45601,40640,4656,17196,11441,7347,18.1
45612,3471,484,1758,775,454,13.1
45613,2234,449,1018,499,268,12.0
45614,3433,298,1313,917,905,26.4
45616,951,152,361,98,340,35.8
45617,0,0,0,0,0,
45618,0,0,0,0,0,
45619,5076,549,1720,1595,1212,23.9
45620,485,18,225,177,65,13.4
45621,329,21,241,57,10,3.0
45622,519,96,273,141,9,1.7
45623,2308,321,957,687,343,14.9
45624,0,0,0,0,0,
45628,4130,293,1763,1335,739,17.9
45629,2291,142,1019,448,682,29.8
45630,91,0,47,44,0,0.0
45631,9595,1237,3691,2450,2217,23.1
45634,1134,145,626,255,108,9.5
45636,246,0,73,102,71,28.9
45638,13968,1352,6188,4111,2317,16.6
45640,11287,1504,4672,2984,2127,18.8
45642,0,0,0,0,0,
45644,3421,461,1513,873,574,16.8
45645,2054,238,816,688,312,15.2
45646,97,19,33,26,19,19.6
45647,1507,372,779,196,160,10.6
45648,8038,856,3521,2046,1615,20.1
45650,290,35,166,59,30,10.3
45651,3598,485,1656,951,506,14.1
45652,2421,104,1500,511,306,12.6
45653,2199,126,855,625,593,27.0
45654,631,253,241,88,49,7.8
45656,4393,554,2111,1019,709,16.1
45657,1457,166,671,421,199,13.7
45658,1751,224,841,395,291,16.6
45659,1625,295,688,248,394,24.2
45660,5493,830,2701,1184,778,14.2
45661,4498,643,2287,951,617,13.7
45662,18616,2607,7457,5446,3106,16.7
45663,4544,569,2394,1057,524,11.5
45669,7568,451,3388,2113,1616,21.4
45671,347,40,212,92,3,0.9
45672,938,214,463,174,87,9.3
45673,299,0,183,102,14,4.7
45674,236,45,119,45,27,11.4
45677,27,0,13,0,14,51.9
45678,812,192,348,190,82,10.1
45679,1872,342,762,496,272,14.5
45680,8408,869,3928,2333,1278,15.2
45681,998,84,363,445,106,10.6
45682,1474,215,735,328,196,13.3
45684,1169,178,560,330,101,8.6
45685,632,0,313,174,145,22.9
45686,2241,407,1065,450,319,14.2
45688,131,0,58,62,11,8.4
45690,9764,910,4819,2090,1945,19.9
45692,5523,826,2997,1077,623,11.3
45693,5990,913,2541,1793,743,12.4
45694,8078,528,3183,2423,1944,24.1
45695,435,71,130,103,131,30.1
45696,632,103,302,109,118,18.7
45697,3325,252,1419,1104,550,16.5
45698,336,9,158,136,33,9.8
45699,1095,373,413,291,18,1.6
45701,15439,950,2300,3417,8772,56.8
45710,3769,331,1330,1107,1001,26.6
45711,816,35,298,300,183,22.4
45714,6928,517,2637,2424,1350,19.5
45715,1262,112,653,299,198,15.7
45716,278,39,98,82,59,21.2
45719,557,99,243,144,71,12.7
45720,36,0,36,0,0,0.0
45721,15,0,15,0,0,0.0
45723,2908,204,1542,856,306,10.5
45724,949,26,425,283,215,22.7
45727,830,56,623,96,55,6.6
45729,1158,55,307,597,199,17.2
45732,3072,407,1265,1037,363,11.8
45734,250,27,178,23,22,8.8
45735,1286,64,446,373,403,31.3
45739,46,0,41,5,0,0.0
45740,252,11,133,72,36,14.3
45741,614,178,338,49,49,8.0
45742,2735,147,1205,826,557,20.4
45743,1051,78,508,370,95,9.0
45744,1687,54,706,737,190,11.3
45745,877,66,489,189,133,15.2
45746,239,56,158,25,0,0.0
45750,18930,1340,6578,6079,4933,26.1
45760,2789,506,1170,972,141,5.1
45761,1243,102,319,483,339,27.3
45764,5241,669,2313,1713,546,10.4
45766,991,58,450,288,195,19.7
45767,1651,166,894,493,98,5.9
45768,1139,15,478,520,126,11.1
45769,3835,642,1815,956,422,11.0
45770,450,116,212,88,34,7.6
45771,2423,111,1116,709,487,20.1
45772,1166,167,418,393,188,16.1
45773,437,13,280,120,24,5.5
45775,1047,96,561,273,117,11.2
45776,805,105,407,154,139,17.3
45778,976,58,492,344,82,8.4
45779,425,15,221,140,49,11.5
45780,2383,241,598,727,817,34.3
45782,333,56,135,135,7,2.1
45783,190,52,92,35,11,5.8
45784,2348,86,887,925,450,19.2
45786,2371,28,974,704,665,28.0
45788,493,29,163,188,113,22.9
45789,174,6,77,56,35,20.1
45801,14503,1711,6576,4349,1867,12.9
45804,9242,1075,4242,2938,987,10.7
45805,15726,745,5908,5274,3799,24.2
45806,7782,407,2826,2575,1974,25.4
45807,8394,401,3150,2873,1970,23.5
45808,231,42,126,44,19,8.2
45809,22,0,6,13,3,13.6
45810,3491,69,1272,1040,1110,31.8
45812,1213,128,693,279,113,9.3
45813,2442,148,1051,796,447,18.3
45814,1788,52,762,484,490,27.4
45815,56,5,35,11,5,8.9
45816,260,28,114,70,48,18.5
45817,3917,103,1214,1113,1487,38.0
45819,153,5,76,65,7,4.6
45820,407,19,152,153,83,20.4
45821,573,68,195,248,62,10.8
45822,14101,674,6362,4233,2832,20.1
45826,252,2,128,61,61,24.2
45827,1672,80,983,385,224,13.4
45828,3898,211,1409,1239,1039,26.7
45830,3700,218,1401,1103,978,26.4
45831,2210,147,1135,671,257,11.6
45832,2159,101,1018,668,372,17.2
45833,7747,459,2988,2717,1583,20.4
45835,343,29,168,84,62,18.1
45836,1019,75,554,261,129,12.7
45838,46,3,4,39,0,0.0
45840,37612,1617,12227,11241,12527,33.3
45841,711,20,294,191,206,29.0
45843,2777,109,1446,791,431,15.5
45844,2155,44,942,762,407,18.9
45845,2039,26,745,653,615,30.2
45846,2864,187,1249,838,590,20.6
45848,72,0,12,37,23,31.9
45849,644,71,249,247,77,12.0
45850,2376,220,1210,662,284,12.0
45851,389,20,146,141,82,21.1
45853,1052,19,260,373,400,38.0
45854,204,3,113,72,16,7.8
45855,136,8,57,47,24,17.6
45856,3231,259,1278,861,833,25.8
45858,1987,120,772,581,514,25.9
45859,272,43,143,73,13,4.8
45860,1418,0,621,398,399,28.1
45861,255,62,119,53,21,8.2
45862,1064,124,515,320,105,9.9
45863,846,30,409,301,106,12.5
45864,166,24,53,27,62,37.3
45865,3556,143,1257,980,1176,33.1
45866,100,7,40,33,20,20.0
45867,734,22,386,111,215,29.3
45868,475,5,216,158,96,20.2
45869,2910,39,1073,982,816,28.0
45870,270,9,153,108,0,0.0
45871,1504,39,484,523,458,30.5
45872,3026,177,1651,822,376,12.4
45873,1704,242,783,421,258,15.1
45874,1177,56,650,303,168,14.3
45875,7504,319,2479,2199,2507,33.4
45876,592,7,215,198,172,29.1
45877,1712,40,590,589,493,28.8
45879,4346,397,1814,1325,810,18.6
45880,1643,104,655,547,337,20.5
45881,1110,43,492,460,115,10.4
45882,2044,100,969,555,420,20.5
45883,2380,97,843,704,736,30.9
45884,98,15,75,8,0,0.0
45885,8630,372,3735,2996,1527,17.7
45886,247,16,117,105,9,3.6
45887,2888,244,1351,945,348,12.0
45888,141,0,121,10,10,7.1
45889,955,56,342,258,299,31.3
45890,554,37,265,130,122,22.0
45891,10849,694,4712,3496,1947,17.9
45893,160,0,98,51,11,6.9
45894,386,18,161,144,63,16.3
45895,12793,755,5195,4044,2799,21.9
45896,1194,115,560,332,187,15.7
45897,61,0,20,9,32,52.5
45898,641,91,259,157,134,20.9
45899,130,3,69,46,12,9.2
