zip,median_income
43001,93804.0
43002,102153.0
43003,69852.0
43004,101175.0
43005,72910.0
43006,63152.0
43007,
43008,88558.0
43009,102841.0
43010,68500.0
43011,90121.0
43013,131528.0
43014,66481.0
43015,105322.0
43016,109972.0
43017,135922.0
43018,110481.0
43019,68104.0
43021,167941.0
43022,94712.0
43023,142852.0
43025,87381.0
43026,111440.0
43027,
43028,91186.0
43029,107744.0
43030,213021.0
43031,110930.0
43032,
43033,75833.0
43035,154683.0
43036,77813.0
43037,69625.0
43040,99321.0
43044,76397.0
43045,99181.0
43046,86864.0
43047,
43050,64108.0
43054,148100.0
43055,63974.0
43056,80014.0
43060,62014.0
43061,157568.0
43062,105968.0
43064,139591.0
43065,154481.0
43066,129012.0
43067,95903.0
43068,70477.0
43070,
43071,78824.0
43072,76375.0
43074,119296.0
43076,91085.0
43077,104545.0
43078,73816.0
43080,87301.0
43081,92422.0
43082,147972.0
43084,78008.0
43085,112517.0
43101,39107.0
43102,90781.0
43103,83291.0
43105,98583.0
43106,82813.0
43107,78482.0
43109,56940.0
43110,77442.0
43111,46694.0
43112,91613.0
43113,67231.0
43115,94265.0
43116,113229.0
43117,
43119,91224.0
43123,91008.0
43125,84043.0
43126,63333.0
43127,67500.0
43128,50915.0
43130,72153.0
43135,72823.0
43136,114375.0
43137,49145.0
43138,68051.0
43140,83644.0
43142,55833.0
43143,100333.0
43144,34732.0
43145,73500.0
43146,81191.0
43147,126534.0
43148,72072.0
43149,57500.0
43150,75284.0
43151,62292.0
43152,
43153,90417.0
43154,91250.0
43155,90337.0
43156,93542.0
43157,62188.0
43158,
43160,61740.0
43162,76250.0
43164,68000.0
43201,43731.0
43202,69524.0
43203,47572.0
43204,59266.0
43205,60181.0
43206,75806.0
43207,63310.0
43209,89713.0
43210,34423.0
43211,42579.0
43212,77257.0
43213,54704.0
43214,94183.0
43215,74087.0
43217,61356.0
43218,
43219,52094.0
43220,74298.0
43221,118768.0
43222,32321.0
43223,46911.0
43224,53321.0
43227,48159.0
43228,61713.0
43229,57561.0
43230,91424.0
43231,73986.0
43232,51417.0
43235,86666.0
43240,82895.0
43302,55057.0
43310,68388.0
43311,67914.0
43314,49183.0
43315,73770.0
43316,78828.0
43317,56875.0
43318,91520.0
43319,136141.0
43320,51603.0
43321,48125.0
43322,56250.0
43323,56667.0
43324,56466.0
43325,
43326,63785.0
43330,65625.0
43331,60980.0
43332,81382.0
43333,
43334,100825.0
43336,
43337,70833.0
43338,72311.0
43340,72446.0
43341,54836.0
43342,84803.0
43343,63438.0
43344,80909.0
43345,90821.0
43346,57130.0
43347,93893.0
43348,51426.0
43350,70583.0
43351,67606.0
43356,92870.0
43357,92448.0
43358,89121.0
43359,69167.0
43360,105795.0
43402,52426.0
43403,
43406,71597.0
43407,68835.0
43408,61719.0
43410,52500.0
43412,107885.0
43413,80069.0
43414,
43416,88611.0
43420,61331.0
43430,73807.0
43431,77526.0
43432,152411.0
43433,
43434,72083.0
43435,89000.0
43436,
43437,68750.0
43438,82917.0
43439,
43440,74818.0
43442,61667.0
43443,97917.0
43445,82670.0
43446,
43447,89643.0
43449,71083.0
43450,84375.0
43451,62167.0
43452,67490.0
43456,72969.0
43457,54583.0
43458,78906.0
43460,73882.0
43462,88000.0
43463,69668.0
43464,41471.0
43465,71311.0
43466,87438.0
43467,98333.0
43468,130533.0
43469,86410.0
43501,68203.0
43502,74925.0
43504,91731.0
43505,
43506,60234.0
43510,
43511,66250.0
43512,71841.0
43515,69536.0
43516,89000.0
43517,58578.0
43518,86200.0
43519,78114.0
43520,
43521,60550.0
43522,76583.0
43523,
43524,60882.0
43525,108672.0
43526,66912.0
43527,58821.0
43528,93986.0
43529,84167.0
43530,
43531,36200.0
43532,88074.0
43533,64342.0
43534,81094.0
43535,67083.0
43536,68625.0
43537,82752.0
43540,119583.0
43541,63438.0
43542,148657.0
43543,56236.0
43545,78548.0
43547,99851.0
43548,96875.0
43549,84189.0
43551,95846.0
43553,88750.0
43554,52917.0
43555,83109.0
43556,73125.0
43557,84950.0
43558,74173.0
43560,109486.0
43565,59167.0
43566,105985.0
43567,70417.0
43569,70898.0
43570,68500.0
43571,108143.0
43604,20734.0
43605,39118.0
43606,66917.0
43607,41335.0
43608,29275.0
43609,42313.0
43610,46469.0
43611,62042.0
43612,50728.0
43613,64384.0
43614,58961.0
43615,57713.0
43616,81829.0
43617,127019.0
43619,76537.0
43620,23483.0
43623,71171.0
43701,57565.0
43711,
43713,53927.0
43716,63036.0
43717,48333.0
43718,92576.0
43719,49091.0
43720,52500.0
43721,
43722,
43723,51474.0
43724,64688.0
43725,57835.0
43727,57373.0
43728,66000.0
43730,45313.0
43731,55581.0
43732,72500.0
43733,
43734,113000.0
43735,
43736,66875.0
43738,83750.0
43739,99120.0
43740,66806.0
43746,43636.0
43747,77115.0
43748,75644.0
43749,65565.0
43750,
43754,75568.0
43755,68581.0
43756,63365.0
43758,61397.0
43759,63750.0
43760,79783.0
43761,
43762,80709.0
43764,62083.0
43766,65625.0
43767,75580.0
43768,64063.0
43771,52708.0
43772,47344.0
43773,52826.0
43777,53906.0
43778,65556.0
43779,
43780,66080.0
43782,54844.0
43783,67016.0
43786,48750.0
43787,45880.0
43788,
43791,
43793,49234.0
43802,71875.0
43804,71488.0
43805,
43811,35897.0
43812,52904.0
43821,65427.0
43822,60266.0
43824,54757.0
43830,88346.0
43832,58333.0
43836,51250.0
43837,58929.0
43840,63750.0
43842,73328.0
43843,61378.0
43844,61076.0
43845,54177.0
43901,63603.0
43902,
43903,73281.0
43905,81295.0
43906,46380.0
43907,46941.0
43908,62841.0
43909,
43910,71396.0
43912,55668.0
43913,43914.0
43914,
43915,74405.0
43917,59280.0
43920,50251.0
43925,
43926,45938.0
43928,90855.0
43930,68382.0
43931,78241.0
43932,54531.0
43933,59881.0
43934,
43935,45923.0
43938,55446.0
43939,46250.0
43940,45952.0
43942,51023.0
43943,54784.0
43944,69228.0
43945,62500.0
43946,62832.0
43947,58269.0
43948,142606.0
43950,76175.0
43951,
43952,47624.0
43953,74107.0
43961,39500.0
43962,90833.0
43963,56813.0
43964,60365.0
43967,
43968,59200.0
43971,49327.0
43972,29182.0
43973,72600.0
43974,70750.0
43976,41651.0
43977,57216.0
43981,56458.0
43983,30714.0
43985,65625.0
43986,54375.0
43988,67174.0
44001,90139.0
44003,56429.0
44004,51034.0
44010,80455.0
44011,135915.0
44012,115567.0
44017,75231.0
44021,82008.0
44022,145882.0
44023,147383.0
44024,107000.0
44026,111761.0
44028,87595.0
44030,63533.0
44032,55188.0
44035,56408.0
44039,96485.0
44040,228942.0
44041,60662.0
44044,88333.0
44045,79408.0
44046,80625.0
44047,60625.0
44048,78690.0
44049,68929.0
44050,103611.0
44052,45023.0
44053,67484.0
44054,75572.0
44055,40636.0
44056,101285.0
44057,75615.0
44060,87599.0
44062,73960.0
44064,73750.0
44065,95442.0
44067,86364.0
44068,57863.0
44070,84363.0
44072,107146.0
44074,80801.0
44076,52500.0
44077,85056.0
44080,
44081,96500.0
44082,51687.0
44084,73288.0
44085,66136.0
44086,92143.0
44087,99270.0
44089,70495.0
44090,76906.0
44092,70801.0
44093,74808.0
44094,78772.0
44095,71543.0
44099,92895.0
44101,
44102,42714.0
44103,27047.0
44104,24111.0
44105,40906.0
44106,43170.0
44107,68970.0
44108,34745.0
44109,42872.0
44110,31928.0
44111,57252.0
44112,28799.0
44113,71941.0
44114,44002.0
44115,22056.0
44116,93799.0
44117,43013.0
44118,77555.0
44119,44077.0
44120,47126.0
44121,76767.0
44122,101230.0
44123,55676.0
44124,82392.0
44125,57363.0
44126,79269.0
44127,32572.0
44128,43993.0
44129,70651.0
44130,69655.0
44131,100594.0
44132,47969.0
44133,83717.0
44134,68625.0
44135,53848.0
44136,94648.0
44137,53918.0
44138,96603.0
44139,138425.0
44140,132254.0
44141,133875.0
44142,71332.0
44143,81268.0
44144,60223.0
44145,112200.0
44146,54925.0
44147,103125.0
44149,118173.0
44201,79459.0
44202,118750.0
44203,63759.0
44212,91441.0
44214,84861.0
44215,80893.0
44216,98776.0
44217,73603.0
44221,63342.0
44223,90335.0
44224,94287.0
44230,79526.0
44231,78609.0
44232,
44233,136915.0
44234,75547.0
44235,76634.0
44236,168595.0
44240,57627.0
44241,88517.0
44243,
44250,66328.0
44251,118750.0
44253,91500.0
44254,65865.0
44255,78099.0
44256,99923.0
44260,82444.0
44262,81214.0
44264,101852.0
44266,64918.0
44270,63650.0
44272,83173.0
44273,96431.0
44274,
44275,93785.0
44276,86583.0
44278,90120.0
44280,130167.0
44281,89131.0
44285,106429.0
44286,112778.0
44287,73816.0
44288,69205.0
44301,51321.0
44302,42400.0
44303,69743.0
44304,41763.0
44305,52768.0
44306,41688.0
44307,27697.0
44308,11956.0
44310,41066.0
44311,24369.0
44312,65480.0
44313,75671.0
44314,47468.0
44319,79221.0
44320,41241.0
44321,119178.0
44325,
44333,131821.0
44401,71953.0
44402,75539.0
44403,60874.0
44404,55972.0
44405,42644.0
44406,98693.0
44408,74028.0
44410,70385.0
44411,77560.0
44412,102726.0
44413,50999.0
44415,
44417,52763.0
44418,121378.0
44420,61707.0
44423,80583.0
44424,97500.0
44425,61568.0
44427,
44428,59375.0
44429,82397.0
44430,51380.0
44431,68750.0
44432,61125.0
44436,69514.0
44437,76842.0
44438,40877.0
44439,87868.0
44440,64904.0
44441,144412.0
44442,61528.0
44443,56957.0
44444,61441.0
44445,85188.0
44446,50468.0
44449,62188.0
44450,51723.0
44451,61250.0
44452,61602.0
44454,74857.0
44455,71050.0
44460,57423.0
44470,63882.0
44471,54571.0
44473,72978.0
44481,63654.0
44483,49017.0
44484,63630.0
44485,35195.0
44490,38906.0
44491,67589.0
44493,
44502,31170.0
44503,12274.0
44504,45299.0
44505,37538.0
44506,21018.0
44507,29176.0
44509,36570.0
44510,20000.0
44511,56880.0
44512,63317.0
44514,79808.0
44515,53252.0
44555,
44601,61965.0
44606,76350.0
44607,
44608,56875.0
44609,58221.0
44610,26824.0
44611,68809.0
44612,85208.0
44613,58125.0
44614,83671.0
44615,63793.0
44618,74403.0
44619,
44620,76827.0
44621,54717.0
44622,70780.0
44624,110972.0
44625,75060.0
44626,78929.0
44627,84010.0
44628,61518.0
44629,81625.0
44630,
44632,91061.0
44633,64688.0
44634,80136.0
44637,65625.0
44638,64318.0
44639,70625.0
44640,83603.0
44641,80303.0
44643,84773.0
44644,64637.0
44645,84756.0
44646,69179.0
44647,67140.0
44651,60000.0
44652,
44653,71389.0
44654,79345.0
44656,58852.0
44657,62941.0
44659,81406.0
44660,41094.0
44661,50000.0
44662,73098.0
44663,61551.0
44665,
44666,101310.0
44667,75616.0
44669,82411.0
44670,82917.0
44671,128917.0
44672,50779.0
44675,83179.0
44676,75738.0
44677,75435.0
44678,
44680,69509.0
44681,85769.0
44682,86250.0
44683,54237.0
44685,102773.0
44687,60714.0
44688,66444.0
44689,85714.0
44690,
44691,69920.0
44693,120313.0
44695,75051.0
44697,52396.0
44699,50250.0
44702,12411.0
44703,31957.0
44704,31812.0
44705,43439.0
44706,58228.0
44707,44943.0
44708,63706.0
44709,57842.0
44710,47305.0
44714,55905.0
44718,88113.0
44720,82594.0
44721,98210.0
44730,70232.0
44802,80000.0
44804,95469.0
44805,68299.0
44807,87356.0
44809,
44811,70060.0
44813,77846.0
44814,68702.0
44815,74688.0
44817,64565.0
44818,63922.0
44820,58223.0
44822,72159.0
44824,79803.0
44825,39643.0
44826,70076.0
44827,56757.0
44828,
44830,62990.0
44833,60151.0
44836,79299.0
44837,66650.0
44838,55833.0
44839,87181.0
44840,83021.0
44841,53295.0
44842,72737.0
44843,90366.0
44844,83556.0
44846,93333.0
44847,76060.0
44849,69902.0
44850,69904.0
44851,66408.0
44853,90281.0
44854,70357.0
44855,63125.0
44856,38750.0
44857,64297.0
44859,88750.0
44861,
44864,66250.0
44865,76875.0
44866,70208.0
44867,72716.0
44870,62082.0
44874,71667.0
44875,61276.0
44878,74821.0
44880,69505.0
44881,33313.0
44882,73529.0
44883,62692.0
44887,85793.0
44889,86500.0
44890,68587.0
44901,
44902,31343.0
44903,67215.0
44904,62364.0
44905,57955.0
44906,52624.0
44907,48008.0
45001,50417.0
45002,81229.0
45003,71250.0
45005,75399.0
45011,91873.0
45013,73633.0
45014,75661.0
45015,48312.0
45030,98598.0
45032,66618.0
45033,42500.0
45034,151875.0
45036,99128.0
45039,108794.0
45040,133240.0
45041,
45042,69520.0
45044,73732.0
45050,104282.0
45051,66932.0
45052,101165.0
45053,109148.0
45054,99583.0
45055,
45056,49233.0
45062,52917.0
45064,102531.0
45065,104795.0
45066,131250.0
45067,81605.0
45068,96147.0
45069,114631.0
45070,50417.0
45101,40714.0
45102,76763.0
45103,79793.0
45105,
45106,71433.0
45107,71510.0
45111,100893.0
45112,51875.0
45113,104750.0
45115,49844.0
45118,97963.0
45119,125260.0
45120,50446.0
45121,60188.0
45122,83342.0
45123,62404.0
45130,83382.0
45131,53125.0
45132,35417.0
45133,61842.0
45135,79629.0
45140,114827.0
45142,66844.0
45144,41489.0
45146,71184.0
45147,
45148,78438.0
45150,93595.0
45152,123366.0
45153,57176.0
45154,74087.0
45155,72813.0
45156,63542.0
45157,100407.0
45158,81336.0
45159,82961.0
45160,
45162,84722.0
45164,48750.0
45166,
45167,68750.0
45168,74167.0
45169,52405.0
45171,73838.0
45172,107951.0
45174,193750.0
45176,67727.0
45177,74051.0
45202,95633.0
45203,21973.0
45204,31236.0
45205,43682.0
45206,62648.0
45207,49801.0
45208,137600.0
45209,93420.0
45211,53868.0
45212,72422.0
45213,76356.0
45214,27852.0
45215,69372.0
45216,44099.0
45217,62200.0
45218,71000.0
45219,35657.0
45220,53440.0
45223,49312.0
45224,56471.0
45225,20348.0
45226,97558.0
45227,71646.0
45229,32263.0
45230,89516.0
45231,71353.0
45232,28367.0
45233,110742.0
45236,84037.0
45237,44913.0
45238,66277.0
45239,60324.0
45240,71947.0
45241,103585.0
45242,124567.0
45243,171172.0
45244,109287.0
45245,80147.0
45246,65370.0
45247,94603.0
45248,84510.0
45249,105804.0
45251,74614.0
45252,84963.0
45255,92035.0
45267,
45301,
45302,91602.0
45303,65556.0
45304,78125.0
45305,123045.0
45306,86354.0
45307,72500.0
45308,70435.0
45309,75409.0
45310,77917.0
45311,68555.0
45312,91842.0
45314,84844.0
45315,92333.0
45316,83125.0
45317,61429.0
45318,73867.0
45319,67708.0
45320,64903.0
45321,69135.0
45322,75349.0
45323,80781.0
45324,64979.0
45325,81250.0
45326,93472.0
45327,94741.0
45328,63125.0
45330,76964.0
45331,53801.0
45332,77250.0
45333,63906.0
45334,70595.0
45335,81690.0
45336,87500.0
45337,108162.0
45338,74776.0
45339,97750.0
45340,118000.0
45341,56470.0
45342,84907.0
45344,78471.0
45345,80280.0
45346,77083.0
45347,63025.0
45348,120170.0
45349,76750.0
45350,102500.0
45351,101875.0
45352,62500.0
45353,101736.0
45354,66625.0
45356,69188.0
45358,60625.0
45359,77083.0
45360,56250.0
45361,66250.0
45362,61687.0
45363,95268.0
45365,67051.0
45368,60850.0
45369,88578.0
45370,122000.0
45371,93599.0
45372,70500.0
45373,75742.0
45377,77398.0
45378,73000.0
45380,84135.0
45381,62263.0
45382,95652.0
45383,66620.0
45384,67019.0
45385,76564.0
45387,96042.0
45388,86996.0
45389,62250.0
45390,52150.0
45402,48401.0
45403,38323.0
45404,38874.0
45405,43973.0
45406,41796.0
45409,87283.0
45410,46651.0
45414,54485.0
45415,81176.0
45416,46174.0
45417,36945.0
45419,92264.0
45420,60588.0
45423,
45424,80605.0
45426,51908.0
45428,
45429,80210.0
45430,115461.0
45431,83175.0
45432,83115.0
45433,89615.0
45434,135948.0
45435,
45439,52035.0
45440,82383.0
45449,63800.0
45458,110150.0
45459,89592.0
45469,
45501,
45502,88988.0
45503,59595.0
45504,69960.0
45505,43819.0
45506,42104.0
45601,59748.0
45612,53500.0
45613,30703.0
45614,60000.0
45616,67614.0
45617,
45618,
45619,58453.0
45620,76646.0
45621,46932.0
45622,48556.0
45623,57118.0
45624,
45628,72587.0
45629,60592.0
45630,
45631,56835.0
45634,51477.0
45636,73940.0
45638,52728.0
45640,59566.0
45642,
45644,74219.0
45645,64632.0
45646,
45647,69966.0
45648,72126.0
45650,
45651,56294.0
45652,42708.0
45653,82125.0
45654,46111.0
45656,59395.0
45657,63459.0
45658,64162.0
45659,59844.0
45660,57252.0
45661,52633.0
45662,36504.0
45663,48613.0
45669,67500.0
45671,51442.0
45672,49231.0
45673,64438.0
45674,20865.0
45677,
45678,62992.0
45679,55028.0
45680,54523.0
45681,49510.0
45682,56250.0
45684,50688.0
45685,61700.0
45686,55030.0
45688,
45690,54333.0
45692,55301.0
45693,43977.0
45694,59876.0
45695,50063.0
45696,
45697,71439.0
45698,
45699,
45701,53075.0
45710,80170.0
45711,79464.0
45714,56574.0
45715,47176.0
45716,63750.0
45719,35200.0
45720,
45721,
45723,57222.0
45724,58500.0
45727,22564.0
45729,82110.0
45732,60605.0
45734,48676.0
45735,51364.0
45739,
45740,65417.0
45741,30625.0
45742,78194.0
45743,73603.0
45744,69148.0
45745,44250.0
45746,65161.0
45750,60229.0
45760,46905.0
45761,48750.0
45764,51806.0
45766,72518.0
45767,42813.0
45768,84286.0
45769,50952.0
45770,
45771,43750.0
45772,52064.0
45773,69848.0
45775,47036.0
45776,43856.0
45778,57128.0
45779,44375.0
45780,60557.0
45782,47337.0
45783,
45784,82713.0
45786,70917.0
45788,100682.0
45789,81649.0
45801,51731.0
45804,44911.0
45805,68842.0
45806,82587.0
45807,70725.0
45808,81875.0
45809,
45810,63451.0
45812,44045.0
45813,65054.0
45814,91115.0
45815,60000.0
45816,76719.0
45817,76848.0
45819,67500.0
45820,83125.0
45821,76648.0
45822,70200.0
45826,101250.0
45827,85400.0
45828,72703.0
45830,80897.0
45831,71473.0
45832,83000.0
45833,65000.0
45835,76042.0
45836,56250.0
45838,91181.0
45840,68083.0
45841,96544.0
45843,71541.0
45844,88792.0
45845,95078.0
45846,91736.0
45848,77813.0
45849,77841.0
45850,84886.0
45851,76157.0
45853,87500.0
45854,53125.0
45855,90000.0
45856,86494.0
45858,74709.0
45859,51250.0
45860,111269.0
45861,93269.0
45862,45556.0
45863,56989.0
45864,81875.0
45865,89000.0
45866,80833.0
45867,101250.0
45868,95875.0
45869,88277.0
45870,162813.0
45871,87500.0
45872,62298.0
45873,62162.0
45874,68521.0
45875,93144.0
45876,71125.0
45877,68665.0
45879,64013.0
45880,69500.0
45881,73775.0
45882,74625.0
45883,113967.0
45884,
45885,78550.0
45886,65750.0
45887,68409.0
45888,88237.0
45889,93750.0
45890,99079.0
45891,64272.0
45893,
45894,81360.0
45895,74783.0
45896,62449.0
45897,56528.0
45898,53783.0
45899,50625.0
